controller,seed,window_size,start_step,end_step,count_noise_std,target_noise_std,hidden_weather_regime,hidden_weather_temp_c,hidden_weather_rain,hidden_weather_humidity,hidden_weather_wind,ground_truth_motorcycle_stopped_count,ground_truth_motorcycle_moving_count,ground_truth_car_stopped_count,ground_truth_car_moving_count,observed_motorcycle_stopped_count,observed_motorcycle_moving_count,observed_car_stopped_count,observed_car_moving_count,ground_truth_total_co2,ground_truth_total_co,ground_truth_total_nox,observed_total_co2,observed_total_co,observed_total_nox,measurement_error_co2,measurement_error_co,measurement_error_nox
fixed,0,10,0,9,0.030000,0.050000,heat,36.334439,0.008573,0.556702,0.071984,0,25,0,13,0,26,0,13,940.477670,46.704543,8.165209,983.316895,46.488946,8.405379,42.839225,-0.215597,0.240170
fixed,0,10,10,19,0.030000,0.050000,humid,29.939354,0.113413,0.732173,0.139359,6,67,1,65,6,64,1,62,4080.841081,191.961907,35.100063,4108.010743,183.507597,42.276283,27.169662,-8.454310,7.176220
fixed,0,10,20,29,0.030000,0.050000,clear,29.117672,0.000000,0.488187,0.160250,23,62,39,96,23,63,38,95,6498.866179,313.707926,55.281153,6728.230666,284.005358,60.805955,229.364486,-29.702569,5.524801
fixed,0,10,30,39,0.030000,0.050000,humid,30.785283,0.097721,0.776560,0.116997,24,67,33,159,23,67,34,154,9419.942276,440.916504,81.460209,10058.261850,438.968304,82.291246,638.319574,-1.948199,0.831037
fixed,0,10,40,49,0.030000,0.050000,rain,23.711553,0.644199,0.946175,0.248839,51,71,57,134,50,72,58,141,9831.163970,470.273317,85.048781,9944.140938,462.003226,87.870813,112.976968,-8.270091,2.822032
fixed,0,10,50,59,0.030000,0.050000,clear,25.397854,0.065469,0.403380,0.191296,86,33,78,112,85,32,83,109,8444.448930,422.148352,71.988950,8269.026446,437.144300,73.369982,-175.422484,14.995948,1.381032
fixed,0,10,60,69,0.030000,0.050000,rain,24.646190,0.425194,0.915775,0.261094,61,91,80,133,59,93,80,138,10063.879965,507.471099,88.950020,9360.839096,483.914973,82.041371,-703.040869,-23.556125,-6.908650
fixed,0,10,70,79,0.030000,0.050000,heat,36.832845,0.000000,0.555053,0.079318,47,157,68,171,50,160,65,172,12201.720698,600.621823,105.901422,11435.191904,625.201573,107.902518,-766.528794,24.579750,2.001095
fixed,0,10,80,89,0.030000,0.050000,heat,37.556286,0.000000,0.539275,0.037568,86,95,80,134,89,95,78,135,10465.735128,524.325630,90.456170,11315.549267,520.541553,85.319232,849.814138,-3.784077,-5.136937
fixed,0,10,90,99,0.030000,0.050000,rain,24.686432,0.489621,0.864181,0.190302,80,95,103,111,83,95,103,110,9867.839622,514.473181,86.948485,10108.755874,508.235091,89.489295,240.916252,-6.238090,2.540810
fixed,0,10,100,109,0.030000,0.050000,clear,28.216660,0.047203,0.512265,0.210772,46,139,80,146,45,131,81,149,10899.493886,546.005700,94.909741,11077.585650,586.277327,96.211379,178.091764,40.271627,1.301638
fixed,0,10,110,119,0.030000,0.050000,clear,28.110316,0.085619,0.489794,0.139358,84,81,124,116,86,82,131,116,10283.463898,527.547405,88.116710,10307.757299,504.038795,84.821824,24.293401,-23.508611,-3.294886
fixed,0,10,120,129,0.030000,0.050000,heat,36.727283,0.006595,0.579349,0.094345,105,74,151,101,104,73,148,100,10758.575846,557.531794,93.762619,10305.813530,530.218434,93.284140,-452.762317,-27.313360,-0.478478
fixed,0,10,130,139,0.030000,0.050000,humid,31.364402,0.001065,0.848139,0.144687,42,157,55,178,43,158,57,174,11743.097487,582.543396,104.165017,11895.511529,568.560191,96.413246,152.414042,-13.983204,-7.751771
fixed,0,10,140,149,0.030000,0.050000,rain,22.966772,0.529662,0.970555,0.206391,66,100,72,105,69,98,73,104,9484.612787,471.674760,83.086223,10235.478477,484.149200,86.249233,750.865691,12.474441,3.163010
fixed,0,10,150,159,0.030000,0.050000,rain,24.340379,0.576721,0.918225,0.251614,84,79,50,103,83,79,49,101,8386.615389,423.660458,72.866343,8181.691275,412.275451,73.939612,-204.924115,-11.385007,1.073269
fixed,0,10,160,169,0.030000,0.050000,clear,27.416645,0.000000,0.549607,0.122917,41,114,33,136,42,120,34,135,9312.517110,450.418135,80.653406,9623.292789,472.939807,69.118821,310.775680,22.521671,-11.534584
fixed,0,10,170,179,0.030000,0.050000,heat,35.501696,0.000000,0.607250,0.104447,56,46,64,108,56,45,64,108,8519.200792,407.462711,71.521089,7838.603766,369.407838,69.563588,-680.597026,-38.054873,-1.957501
fixed,0,10,180,189,0.030000,0.050000,humid,31.577102,0.001787,0.819450,0.152711,63,47,98,95,63,46,102,92,8546.008728,429.322928,71.748828,8345.227815,408.455844,75.302682,-200.780912,-20.867084,3.553854
fixed,0,10,190,199,0.030000,0.050000,clear,27.248160,0.019160,0.521401,0.222889,38,78,67,172,39,78,67,171,10992.136655,533.795890,94.979041,11736.987793,496.575587,103.883165,744.851138,-37.220303,8.904124
ai,0,10,0,9,0.030000,0.050000,rain,24.241698,0.576026,0.879734,0.239841,0,25,0,13,0,26,0,14,964.336117,47.657214,8.452302,940.824194,46.908755,7.603160,-23.511923,-0.748459,-0.849142
ai,0,10,10,19,0.030000,0.050000,humid,32.122447,0.004647,0.756675,0.151836,7,66,0,66,7,63,0,68,4082.060242,192.090804,35.171430,4264.407397,201.491644,35.219817,182.347154,9.400840,0.048387
ai,0,10,20,29,0.030000,0.050000,heat,36.365335,0.098623,0.606886,0.097044,37,54,13,120,39,54,13,119,7307.853467,337.679984,62.907817,6903.739761,318.049889,70.097161,-404.113706,-19.630095,7.189344
ai,0,10,30,39,0.030000,0.050000,heat,35.826306,0.000000,0.640618,0.128883,36,76,32,125,38,77,33,124,8220.680754,389.637693,70.980265,8396.298378,383.551468,71.428839,175.617624,-6.086225,0.448574
ai,0,10,40,49,0.030000,0.050000,clear,26.923432,0.020099,0.497900,0.216068,5,115,37,131,5,113,37,139,8429.176072,405.733631,72.903029,8124.069681,423.822048,69.022095,-305.106391,18.088417,-3.880934
ai,0,10,50,59,0.030000,0.050000,rain,26.054759,0.571505,0.947490,0.225788,14,62,46,154,14,63,49,155,9271.117955,438.732927,80.969440,9054.021537,455.997112,78.258734,-217.096418,17.264185,-2.710706
ai,0,10,60,69,0.030000,0.050000,heat,33.963649,0.045206,0.586655,0.096100,40,52,101,101,42,51,102,102,8410.007466,417.982195,72.074230,7647.970044,419.698421,74.657553,-762.037422,1.716226,2.583323
ai,0,10,70,79,0.030000,0.050000,humid,31.664953,0.089790,0.738159,0.161414,39,118,50,162,38,122,49,169,10290.788669,507.397649,90.746395,9713.978862,480.365775,94.937139,-576.809807,-27.031875,4.190744
ai,0,10,80,89,0.030000,0.050000,humid,29.454836,0.180001,0.746942,0.168949,44,149,52,151,44,145,53,153,10509.741611,521.528056,91.989953,9012.542909,487.395549,91.405707,-1497.198702,-34.132507,-0.584246
ai,0,10,90,99,0.030000,0.050000,heat,36.206127,0.038048,0.623261,0.152719,51,109,51,144,50,112,53,151,9799.842771,485.610062,85.824826,9616.671734,437.798379,95.004738,-183.171037,-47.811683,9.179911
ai,0,10,100,109,0.030000,0.050000,heat,36.056026,0.039919,0.520230,0.089824,24,125,50,120,24,130,51,120,8770.439296,432.362756,77.344409,8233.325437,431.822948,77.843258,-537.113859,-0.539808,0.498849
ai,0,10,110,119,0.030000,0.050000,heat,36.090972,0.000000,0.531259,0.092110,13,130,60,147,13,136,59,139,10600.228712,504.817011,91.521924,9539.921361,505.665218,93.645220,-1060.307351,0.848207,2.123296
ai,0,10,120,129,0.030000,0.050000,heat,35.145116,0.000000,0.663571,0.079438,25,86,51,115,24,85,48,112,8263.640527,396.282029,72.077790,8689.968216,432.877893,79.918204,426.327689,36.595864,7.840414
ai,0,10,130,139,0.030000,0.050000,heat,34.278523,0.000000,0.547478,0.115189,52,68,69,66,55,69,64,66,6563.972361,332.509009,56.636530,5987.103298,347.277892,60.025028,-576.869063,14.768883,3.388499
ai,0,10,140,149,0.030000,0.050000,clear,28.849250,0.119528,0.467956,0.168664,46,90,24,105,46,88,24,111,7265.557702,355.381632,63.266930,8022.537607,368.161302,59.685660,756.979905,12.779670,-3.581269
ai,0,10,150,159,0.030000,0.050000,humid,30.589422,0.036204,0.761489,0.153499,36,111,14,105,37,112,14,110,7422.395270,360.835193,64.061281,7160.154581,379.839357,71.088229,-262.240689,19.004164,7.026948
ai,0,10,160,169,0.030000,0.050000,clear,27.204867,0.013101,0.492629,0.213748,38,71,26,99,40,73,26,99,6994.726436,332.827886,58.889512,7015.086267,327.647279,56.788534,20.359831,-5.180607,-2.100978
ai,0,10,170,179,0.030000,0.050000,clear,28.560178,0.000000,0.498724,0.186822,16,61,34,104,16,60,33,105,6920.592998,326.484090,58.784286,7090.669135,294.896002,58.311791,170.076138,-31.588088,-0.472495
ai,0,10,180,189,0.030000,0.050000,clear,26.198316,0.000000,0.430097,0.189771,7,67,47,140,7,65,47,139,8955.390904,416.985949,75.564113,8997.953132,433.946132,76.368450,42.562228,16.960183,0.804338
ai,0,10,190,199,0.030000,0.050000,clear,28.562448,0.000000,0.539691,0.226645,12,49,71,139,12,48,69,138,9459.429378,441.347117,79.594073,9295.199274,442.627951,83.249295,-164.230104,1.280834,3.655222
fixed,1,10,0,9,0.030000,0.050000,rain,25.364142,0.487860,0.952512,0.225488,0,37,0,22,0,36,0,21,1541.556483,73.780417,13.813496,1527.308577,71.837647,14.153892,-14.247906,-1.942770,0.340396
fixed,1,10,10,19,0.030000,0.050000,clear,29.173188,0.071740,0.435975,0.153870,3,79,10,101,3,81,9,107,6226.920442,284.105419,53.188597,6719.385479,309.056143,53.619630,492.465037,24.950724,0.431033
fixed,1,10,20,29,0.030000,0.050000,humid,31.271485,0.125640,0.691543,0.128320,24,58,38,105,25,59,38,105,6996.973200,330.259062,60.134635,6794.567638,306.635403,60.898514,-202.405562,-23.623659,0.763879
fixed,1,10,30,39,0.030000,0.050000,humid,30.502477,0.145374,0.738541,0.146680,15,87,31,130,15,87,30,133,8226.798572,390.392287,72.073369,8509.313688,363.362107,72.189191,282.515116,-27.030179,0.115822
fixed,1,10,40,49,0.030000,0.050000,clear,27.448257,0.000000,0.514245,0.193861,26,64,60,136,26,67,62,134,8938.073115,427.019804,75.918849,7950.464030,403.302896,79.140198,-987.609084,-23.716908,3.221349
fixed,1,10,50,59,0.030000,0.050000,rain,21.188591,0.542571,0.880894,0.214449,55,87,108,79,52,90,109,78,9019.484982,458.407147,77.646672,8478.872780,484.265142,78.393680,-540.612201,25.857995,0.747008
fixed,1,10,60,69,0.030000,0.050000,rain,23.208576,0.524286,0.984230,0.199344,66,128,77,158,66,124,72,165,12096.269295,602.817746,106.974590,12202.319349,676.488391,108.775415,106.050054,73.670645,1.800825
fixed,1,10,70,79,0.030000,0.050000,clear,27.281553,0.013825,0.554708,0.223444,49,126,63,209,49,127,64,211,13678.039377,651.034671,116.860015,13678.826349,628.607740,113.432812,0.786971,-22.426931,-3.427203
fixed,1,10,80,89,0.030000,0.050000,rain,22.717103,0.571769,0.916165,0.253474,65,97,100,123,62,101,104,123,11297.128206,552.896732,98.239120,11582.499718,568.153137,100.402383,285.371512,15.256405,2.163263
fixed,1,10,90,99,0.030000,0.050000,humid,31.516809,0.003152,0.771026,0.109850,63,126,93,133,64,129,88,139,10617.560938,541.424051,92.830316,10244.659778,485.643615,97.775894,-372.901160,-55.780436,4.945578
fixed,1,10,100,109,0.030000,0.050000,heat,36.736476,0.044827,0.602457,0.068521,67,108,69,209,67,110,70,216,13297.482898,646.362238,116.096303,12780.935706,684.063893,125.174020,-516.547192,37.701655,9.077718
fixed,1,10,110,119,0.030000,0.050000,heat,35.535223,0.000000,0.565008,0.042265,92,69,114,140,92,67,110,132,11216.578355,562.836657,96.423554,11029.900721,534.297917,94.805947,-186.677634,-28.538740,-1.617607
fixed,1,10,120,129,0.030000,0.050000,clear,27.030720,0.000000,0.471770,0.250665,108,55,129,130,105,55,126,133,11003.569172,560.567257,94.113115,11198.326918,550.112192,89.934595,194.757747,-10.455064,-4.178520
fixed,1,10,130,139,0.030000,0.050000,humid,32.382568,0.016358,0.741565,0.127829,63,94,81,203,65,94,81,197,13117.268144,637.613866,113.829600,13702.013125,608.844526,119.232627,584.744981,-28.769340,5.403027
fixed,1,10,140,149,0.030000,0.050000,humid,32.303571,0.078776,0.792868,0.200042,84,46,137,176,81,46,135,171,13963.439092,668.730893,117.594638,14384.797427,685.920434,121.397562,421.358335,17.189541,3.802924
fixed,1,10,150,159,0.030000,0.050000,rain,23.748933,0.489177,0.877524,0.225450,95,38,147,223,94,40,150,223,16782.781250,799.323837,142.957925,16116.697852,791.286378,143.224117,-666.083398,-8.037459,0.266192
fixed,1,10,160,169,0.030000,0.050000,humid,31.831945,0.138969,0.785778,0.132098,73,97,99,234,74,92,102,237,15084.238556,739.909402,131.377961,14223.746486,718.052336,124.164193,-860.492070,-21.857066,-7.213767
fixed,1,10,170,179,0.030000,0.050000,clear,29.531166,0.028790,0.484051,0.161225,110,61,147,196,115,58,148,198,15219.549811,739.731664,127.894094,13314.853208,720.131233,124.905836,-1904.696603,-19.600431,-2.988258
fixed,1,10,180,189,0.030000,0.050000,heat,36.275798,0.000000,0.538021,0.076089,146,55,214,140,150,58,216,141,14847.631978,759.024027,126.349128,13716.076513,674.388903,125.767997,-1131.555465,-84.635124,-0.581130
fixed,1,10,190,199,0.030000,0.050000,humid,30.502686,0.000000,0.736644,0.119085,74,152,98,232,73,157,99,222,15420.977669,770.687508,134.650552,15656.864394,738.016894,137.157264,235.886725,-32.670615,2.506712
ai,1,10,0,9,0.030000,0.050000,clear,27.634692,0.055481,0.515642,0.167879,0,37,0,22,0,38,0,21,1490.883479,71.823204,13.188659,1406.008932,73.857302,13.592942,-84.874547,2.034098,0.404283
ai,1,10,10,19,0.030000,0.050000,heat,35.405636,0.000000,0.644962,0.139562,2,80,8,103,2,80,8,105,6321.084375,288.059487,54.380173,6797.974909,286.907664,56.340350,476.890534,-1.151823,1.960177
ai,1,10,20,29,0.030000,0.050000,rain,23.599985,0.567884,0.856459,0.225963,8,74,32,116,8,74,34,115,7632.629738,355.662604,66.857512,7597.456272,343.273474,67.125379,-35.173466,-12.389131,0.267868
ai,1,10,30,39,0.030000,0.050000,rain,24.338916,0.597315,0.883870,0.223125,24,65,33,122,25,67,34,122,8110.052732,377.102233,70.619444,8173.623603,401.866423,63.353489,63.570871,24.764190,-7.265955
ai,1,10,40,49,0.030000,0.050000,clear,29.976531,0.042143,0.449235,0.148599,32,68,27,157,32,70,26,157,9277.667255,429.845261,79.204142,9673.126983,415.947016,84.757545,395.459728,-13.898245,5.553403
ai,1,10,50,59,0.030000,0.050000,rain,24.174888,0.494994,0.928919,0.270268,24,128,30,129,24,132,31,128,8934.419946,435.121349,78.974674,8530.364253,411.959302,80.343197,-404.055693,-23.162047,1.368523
ai,1,10,60,69,0.030000,0.050000,heat,35.430560,0.000770,0.578112,0.119310,65,101,43,132,67,102,43,135,9610.096126,465.180682,82.302489,8815.020333,458.360159,77.855079,-795.075793,-6.820524,-4.447410
ai,1,10,70,79,0.030000,0.050000,humid,31.347440,0.151803,0.696569,0.154955,40,110,44,154,41,110,43,157,10452.465445,501.019495,90.598618,11112.676245,474.751259,90.117894,660.210800,-26.268236,-0.480724
ai,1,10,80,89,0.030000,0.050000,humid,31.392230,0.085514,0.789913,0.073769,34,121,55,146,34,123,52,146,10449.878793,502.842507,90.889830,10916.446424,502.543046,86.379330,466.567631,-0.299460,-4.510500
ai,1,10,90,99,0.030000,0.050000,rain,24.446651,0.503525,0.878516,0.191653,54,119,31,168,54,114,32,163,11002.827155,527.740308,97.196624,10844.523408,544.216883,86.302319,-158.303747,16.476575,-10.894305
ai,1,10,100,109,0.030000,0.050000,heat,37.452828,0.036635,0.527040,0.042071,49,102,30,174,52,99,29,181,10215.070658,497.294105,90.108411,9572.054141,501.162619,91.760387,-643.016516,3.868514,1.651975
ai,1,10,110,119,0.030000,0.050000,clear,28.238582,0.022117,0.479813,0.220105,43,90,41,163,43,87,43,160,9911.253736,478.058214,85.668858,9712.858595,503.965096,86.688951,-198.395141,25.906882,1.020094
ai,1,10,120,129,0.030000,0.050000,humid,32.536689,0.114333,0.791454,0.144437,40,72,48,149,41,75,49,150,9613.789378,460.374241,83.294435,9500.248799,456.104651,72.711845,-113.540579,-4.269590,-10.582590
ai,1,10,130,139,0.030000,0.050000,heat,35.079158,0.000000,0.597141,0.102950,44,58,84,134,43,55,89,134,9876.636602,477.301252,83.914326,10097.878100,448.833720,80.179337,221.241498,-28.467532,-3.734989
ai,1,10,140,149,0.030000,0.050000,rain,21.850181,0.539638,0.907356,0.259684,20,84,38,233,21,87,36,238,13743.083386,628.574491,119.566023,14102.217921,676.806391,124.156947,359.134535,48.231899,4.590924
ai,1,10,150,159,0.030000,0.050000,clear,30.487465,0.000000,0.525487,0.164142,44,57,89,243,43,55,95,243,15465.629597,709.732427,129.908957,15551.313970,715.210296,136.756234,85.684373,5.477868,6.847277
ai,1,10,160,169,0.030000,0.050000,clear,28.041414,0.022150,0.456041,0.173584,25,98,111,171,25,101,111,172,12553.900003,604.380007,106.328911,11697.346808,548.236284,118.579192,-856.553195,-56.143724,12.250281
ai,1,10,170,179,0.030000,0.050000,clear,28.840191,0.102592,0.445578,0.199153,43,70,92,201,43,71,92,204,13196.484652,627.413427,113.294330,13012.480553,643.135435,125.525032,-184.004098,15.722008,12.230702
ai,1,10,180,189,0.030000,0.050000,rain,21.012039,0.540084,0.861691,0.265706,41,97,127,194,40,100,126,196,15250.175261,725.801924,130.729682,15483.061714,675.855560,134.374531,232.886453,-49.946364,3.644848
ai,1,10,190,199,0.030000,0.050000,heat,36.597863,0.000000,0.544668,0.050174,50,85,76,193,46,88,74,191,12663.324999,606.596722,110.183815,13900.634086,659.041414,111.172853,1237.309086,52.444693,0.989038
fixed,2,10,0,9,0.030000,0.050000,heat,35.657904,0.000000,0.546445,0.081779,0,15,0,22,0,16,0,21,1230.828097,56.668048,10.406316,1235.719953,59.880346,9.715484,4.891856,3.212299,-0.690832
fixed,2,10,10,19,0.030000,0.050000,clear,27.323113,0.000258,0.456300,0.203175,15,97,5,68,15,98,5,68,4663.651473,232.783392,40.313922,4457.898107,248.915569,39.939083,-205.753367,16.132177,-0.374838
fixed,2,10,20,29,0.030000,0.050000,heat,37.460587,0.000000,0.627176,0.033728,78,62,50,74,82,63,51,71,6578.447309,334.814958,55.954018,6682.713002,332.471074,49.807936,104.265693,-2.343884,-6.146082
fixed,2,10,30,39,0.030000,0.050000,rain,23.543443,0.552754,0.912366,0.269131,41,79,34,144,41,80,35,141,9463.343303,449.862887,83.106398,9385.527744,428.334911,76.928245,-77.815559,-21.527976,-6.178153
fixed,2,10,40,49,0.030000,0.050000,heat,36.867717,0.025401,0.565795,0.102901,20,93,55,147,19,97,56,147,10080.455610,476.772794,86.859731,9375.676178,517.231497,91.202135,-704.779432,40.458703,4.342404
fixed,2,10,50,59,0.030000,0.050000,clear,28.081970,0.000000,0.455496,0.150607,48,63,100,87,46,61,98,82,8185.869872,407.884908,68.883512,9039.822409,401.695029,62.134410,853.952536,-6.189879,-6.749103
fixed,2,10,60,69,0.030000,0.050000,clear,27.745550,0.006524,0.446838,0.165627,57,65,82,137,56,67,78,139,9911.042533,484.718098,85.410573,8959.876351,485.167225,82.083812,-951.166182,0.449128,-3.326761
fixed,2,10,70,79,0.030000,0.050000,clear,27.490613,0.000000,0.470148,0.098259,23,112,66,214,22,110,67,206,13106.466182,622.104132,112.521677,13553.495157,621.605437,108.342393,447.028975,-0.498694,-4.179285
fixed,2,10,80,89,0.030000,0.050000,heat,37.293147,0.000000,0.576402,0.121992,30,61,117,134,28,61,118,135,10482.968612,512.491415,89.870217,11183.576145,559.589253,92.129588,700.607534,47.097838,2.259372
fixed,2,10,90,99,0.030000,0.050000,heat,34.357102,0.000000,0.621759,0.105506,23,90,96,138,23,88,93,133,9768.118073,493.072472,85.798492,9290.837797,450.407894,88.763779,-477.280276,-42.664578,2.965287
fixed,2,10,100,109,0.030000,0.050000,clear,28.015256,0.079502,0.503260,0.176221,63,54,72,181,63,53,71,182,11449.374759,547.577380,97.901088,11367.375121,527.852819,97.776094,-81.999639,-19.724561,-0.124995
fixed,2,10,110,119,0.030000,0.050000,heat,37.646696,0.000000,0.524117,0.102703,83,56,105,91,82,56,109,90,8551.861203,441.238407,73.147871,8251.699277,481.789783,72.905400,-300.161925,40.551375,-0.242471
fixed,2,10,120,129,0.030000,0.050000,rain,24.851414,0.544663,0.913824,0.238209,102,78,107,119,100,74,114,120,10800.509424,552.374544,94.001038,11331.882526,568.718420,92.525981,531.373102,16.343875,-1.475057
fixed,2,10,130,139,0.030000,0.050000,humid,30.899289,0.087317,0.662503,0.120823,36,184,67,176,36,192,67,174,12871.981499,629.697326,112.562104,11682.970982,640.250308,115.105111,-1189.010517,10.552982,2.543007
fixed,2,10,140,149,0.030000,0.050000,rain,22.767502,0.596785,0.891130,0.211675,77,120,100,109,77,118,102,106,11121.531295,552.112105,96.691587,10680.638946,584.481598,102.609602,-440.892349,32.369493,5.918015
fixed,2,10,150,159,0.030000,0.050000,humid,32.624155,0.019560,0.707814,0.153934,110,67,111,96,110,69,118,96,10009.242380,502.368979,84.865983,10093.059052,518.036066,95.003515,83.816672,15.667087,10.137532
fixed,2,10,160,169,0.030000,0.050000,clear,27.802533,0.000000,0.539033,0.182884,69,154,60,216,66,149,60,210,14067.157995,687.115542,122.321133,14092.373126,699.905823,126.414805,25.215131,12.790281,4.093672
fixed,2,10,170,179,0.030000,0.050000,heat,38.599567,0.000000,0.617916,0.091241,133,87,122,225,135,87,127,226,16830.615175,815.228411,143.458277,16856.538728,832.148075,152.456120,25.923553,16.919664,8.997844
fixed,2,10,180,189,0.030000,0.050000,heat,36.144021,0.000000,0.625274,0.054386,130,79,228,119,126,79,221,121,14359.959394,744.500466,121.885566,15737.061968,802.428837,110.097590,1377.102574,57.928372,-11.787976
fixed,2,10,190,199,0.030000,0.050000,humid,29.978812,0.163863,0.708198,0.107808,124,108,153,207,122,111,145,210,15827.194198,805.170766,138.019276,15333.665903,812.940611,133.456834,-493.528295,7.769845,-4.562442
ai,2,10,0,9,0.030000,0.050000,clear,29.758575,0.000000,0.411800,0.172245,0,15,0,22,0,16,0,23,1213.936787,56.042982,10.208229,1125.306323,53.004830,10.908219,-88.630463,-3.038151,0.699990
ai,2,10,10,19,0.030000,0.050000,rain,23.088984,0.544266,0.879785,0.289182,7,105,2,71,7,104,2,71,4968.196100,244.569082,43.968033,5384.047431,263.968166,43.844743,415.851332,19.399083,-0.123290
ai,2,10,20,29,0.030000,0.050000,rain,24.136025,0.514053,0.998923,0.192286,46,94,7,117,45,91,7,114,7823.648878,370.898021,67.830733,8339.699162,379.634504,68.619433,516.050284,8.736483,0.788700
ai,2,10,30,39,0.030000,0.050000,humid,30.999815,0.079218,0.784125,0.137534,30,64,20,121,29,61,20,126,7551.412450,351.528881,65.412574,8213.192720,325.820985,64.479853,661.780270,-25.707895,-0.932720
ai,2,10,40,49,0.030000,0.050000,clear,28.222123,0.000000,0.496854,0.142846,3,86,26,142,3,86,26,143,8744.567199,397.498736,74.091598,9116.905299,393.307877,79.266939,372.338101,-4.190859,5.175341
ai,2,10,50,59,0.030000,0.050000,clear,27.877839,0.038237,0.550228,0.177895,9,81,26,119,9,81,26,118,7392.716908,349.004056,63.801086,6912.184610,348.627204,63.754127,-480.532298,-0.376852,-0.046959
ai,2,10,60,69,0.030000,0.050000,rain,22.681523,0.525607,0.774160,0.225127,30,57,36,115,31,57,36,117,7800.734553,368.530347,67.490058,7231.366800,383.519343,71.516025,-569.367753,14.988996,4.025967
ai,2,10,70,79,0.030000,0.050000,humid,31.290072,0.090309,0.707656,0.139471,4,91,32,175,4,91,31,181,10297.976029,476.577009,88.853454,10794.821440,476.373999,91.427661,496.845411,-0.203009,2.574208
ai,2,10,80,89,0.030000,0.050000,clear,28.444148,0.001657,0.451999,0.201262,5,64,57,137,5,62,56,142,8298.328675,400.428371,71.712648,7946.750303,420.227301,63.848947,-351.578372,19.798930,-7.863701
ai,2,10,90,99,0.030000,0.050000,rain,23.338139,0.539560,0.924944,0.247880,30,62,67,129,30,63,66,121,9209.901515,441.258474,79.799060,9188.255763,451.620122,79.969587,-21.645752,10.361648,0.170527
ai,2,10,100,109,0.030000,0.050000,rain,22.872963,0.555497,0.947252,0.207662,27,95,29,150,26,92,30,151,9409.147229,451.069780,83.480472,9640.640796,477.532402,76.236058,231.493568,26.462622,-7.244414
ai,2,10,110,119,0.030000,0.050000,heat,34.415156,0.050476,0.626313,0.065293,30,97,56,105,27,92,57,102,8083.165012,399.085190,69.888359,9140.776394,341.021139,76.498217,1057.611382,-58.064051,6.609858
ai,2,10,120,129,0.030000,0.050000,rain,24.251085,0.533675,0.937650,0.218759,40,86,33,136,40,91,33,132,9244.284363,438.762596,80.121262,8516.109180,456.041378,79.668921,-728.175182,17.278782,-0.452341
ai,2,10,130,139,0.030000,0.050000,clear,29.186340,0.000000,0.436560,0.160075,59,97,47,112,59,97,47,112,8341.864350,412.079551,71.839325,8017.852131,439.888894,71.220788,-324.012219,27.809343,-0.618537
ai,2,10,140,149,0.030000,0.050000,clear,26.576036,0.000000,0.440458,0.162753,52,145,39,139,50,147,40,132,10198.563485,491.638748,88.304451,10622.759500,530.871439,91.974140,424.196015,39.232691,3.669689
ai,2,10,150,159,0.030000,0.050000,rain,23.679451,0.566670,0.870050,0.192255,49,114,33,121,48,109,35,115,9233.490254,441.632802,80.647561,9699.416305,452.516424,72.814916,465.926051,10.883622,-7.832644
ai,2,10,160,169,0.030000,0.050000,humid,31.740325,0.000000,0.732101,0.088424,63,116,41,176,61,119,38,188,11575.152485,555.304572,99.573253,10833.499242,557.424667,100.451123,-741.653243,2.120095,0.877871
ai,2,10,170,179,0.030000,0.050000,humid,32.797265,0.044174,0.792338,0.127254,77,111,20,269,74,110,20,278,15191.333899,710.922212,131.299982,14258.617750,676.813987,128.993055,-932.716149,-34.108225,-2.306927
ai,2,10,180,189,0.030000,0.050000,heat,35.653368,0.008101,0.587594,0.113817,106,98,75,199,103,103,78,209,13569.864223,665.607727,116.838387,13116.504020,745.161699,117.242628,-453.360203,79.553971,0.404241
ai,2,10,190,199,0.030000,0.050000,rain,24.951086,0.478466,0.879593,0.249222,91,129,91,154,91,128,92,154,12456.165842,628.985636,108.703949,12228.411286,664.929151,117.184479,-227.754557,35.943515,8.480529
fixed,3,10,0,9,0.030000,0.050000,humid,31.226185,0.013784,0.792021,0.133407,0,25,0,30,0,24,0,30,1768.934668,80.974533,15.076328,1911.153608,82.333448,14.524020,142.218940,1.358914,-0.552308
fixed,3,10,10,19,0.030000,0.050000,clear,28.031660,0.017883,0.443289,0.164612,8,34,19,52,8,35,19,51,3529.643512,165.846777,29.688537,4039.568295,166.832663,26.731339,509.924783,0.985886,-2.957198
fixed,3,10,20,29,0.030000,0.050000,heat,36.804010,0.019241,0.621207,0.082286,26,50,37,77,27,49,38,77,5774.307503,276.584974,49.058613,5671.641783,284.552299,49.882503,-102.665721,7.967325,0.823891
fixed,3,10,30,39,0.030000,0.050000,heat,35.241113,0.000000,0.590558,0.101226,24,98,18,136,25,96,18,136,8435.944923,401.375109,73.315493,8409.335279,432.039638,67.328354,-26.609643,30.664529,-5.987139
fixed,3,10,40,49,0.030000,0.050000,rain,21.998150,0.555760,0.917185,0.236837,36,101,50,142,37,99,47,138,10355.313996,492.158779,89.743013,11246.797017,452.016859,90.223321,891.483021,-40.141920,0.480308
fixed,3,10,50,59,0.030000,0.050000,rain,26.319500,0.564517,0.896650,0.241491,72,39,118,119,72,40,121,124,10330.092376,511.789463,88.602157,10759.216207,496.828905,88.319504,429.123831,-14.960558,-0.282653
fixed,3,10,60,69,0.030000,0.050000,heat,35.825228,0.000000,0.564129,0.100640,55,60,111,129,55,59,110,123,10229.499608,508.668407,89.142916,9727.957655,498.481374,94.056995,-501.541953,-10.187033,4.914079
fixed,3,10,70,79,0.030000,0.050000,clear,26.911715,0.000000,0.560714,0.186369,10,89,43,216,10,87,43,225,12659.533882,576.386405,108.287795,12789.508173,589.090194,107.254861,129.974290,12.703789,-1.032933
fixed,3,10,80,89,0.030000,0.050000,rain,23.801585,0.567600,0.919562,0.264931,18,75,84,136,19,75,82,136,10274.492731,492.219519,88.669480,9856.548053,457.297304,93.985492,-417.944678,-34.922215,5.316012
fixed,3,10,90,99,0.030000,0.050000,humid,30.279893,0.049945,0.706818,0.181115,32,44,65,130,33,43,70,128,8697.218882,416.433095,74.687024,9106.520688,391.487517,79.294755,409.301806,-24.945578,4.607731
fixed,3,10,100,109,0.030000,0.050000,clear,27.969328,0.000000,0.431024,0.131808,3,67,61,159,3,64,58,151,9777.392972,459.360818,82.877286,9664.645836,461.666056,84.798751,-112.747136,2.305238,1.921466
fixed,3,10,110,119,0.030000,0.050000,heat,36.977246,0.000000,0.533494,0.106676,30,57,114,120,31,54,120,119,10009.171683,486.130012,84.497549,9515.824403,448.157243,75.685540,-493.347280,-37.972769,-8.812009
fixed,3,10,120,129,0.030000,0.050000,humid,30.213807,0.081026,0.767697,0.083418,70,23,127,106,69,23,131,105,9433.319662,473.564586,80.110207,9128.235582,474.870067,78.730164,-305.084080,1.305481,-1.380042
fixed,3,10,130,139,0.030000,0.050000,heat,36.267607,0.012257,0.529736,0.147238,20,99,39,215,20,98,40,213,12674.922171,589.473840,109.827910,12195.565410,515.756375,102.770395,-479.356761,-73.717465,-7.057515
fixed,3,10,140,149,0.030000,0.050000,humid,31.091988,0.064362,0.697615,0.136117,28,84,59,141,27,84,59,138,9827.796735,466.871346,83.350984,10564.873520,447.581052,75.466345,737.076784,-19.290293,-7.884639
fixed,3,10,150,159,0.030000,0.050000,heat,36.581096,0.026692,0.576330,0.072817,52,62,85,133,48,64,86,132,10288.867586,494.326524,87.734602,10030.323706,515.842362,87.959357,-258.543880,21.515838,0.224756
fixed,3,10,160,169,0.030000,0.050000,humid,30.811650,0.052230,0.783055,0.139151,19,108,56,208,19,110,55,197,12728.791574,601.195449,110.798516,13297.471843,616.426819,105.386160,568.680269,15.231370,-5.412356
fixed,3,10,170,179,0.030000,0.050000,humid,30.502367,0.130783,0.773120,0.130381,44,55,87,127,44,57,88,128,9746.047683,467.855384,82.893034,9904.183325,483.420421,76.260227,158.135642,15.565037,-6.632807
fixed,3,10,180,189,0.030000,0.050000,heat,34.638692,0.000000,0.582569,0.149407,60,22,108,102,59,22,108,104,8761.700420,427.836080,74.236737,8453.968355,445.517381,64.102313,-307.732065,17.681301,-10.134423
fixed,3,10,190,199,0.030000,0.050000,rain,22.255278,0.545242,0.910626,0.228899,29,77,67,149,29,73,67,148,10251.508304,492.860485,91.054849,10418.363352,463.919627,89.262984,166.855048,-28.940858,-1.791866
ai,3,10,0,9,0.030000,0.050000,heat,37.314878,0.063180,0.667800,0.149920,0,25,0,30,0,24,0,30,1794.509465,81.914453,15.379324,1905.090071,83.688030,15.410571,110.580606,1.773576,0.031247
ai,3,10,10,19,0.030000,0.050000,humid,31.870405,0.089467,0.799902,0.142795,5,37,10,61,5,38,10,62,3760.805224,173.616921,32.263568,3932.004758,167.159553,32.291536,171.199533,-6.457368,0.027968
ai,3,10,20,29,0.030000,0.050000,clear,29.113291,0.000000,0.457400,0.210338,0,74,19,85,0,70,19,84,5749.276213,267.193577,48.480470,5771.007304,238.927896,47.758174,21.731091,-28.265682,-0.722296
ai,3,10,30,39,0.030000,0.050000,heat,36.625068,0.000000,0.565197,0.084293,12,80,31,109,12,80,32,109,7292.801791,346.412369,62.926890,8465.871864,319.765175,63.370333,1173.070073,-26.647194,0.443443
ai,3,10,40,49,0.030000,0.050000,humid,29.762463,0.000000,0.780957,0.114384,33,83,64,132,32,84,66,129,9548.157651,454.565124,80.535985,10060.878413,472.797095,92.060720,512.720761,18.231970,11.524735
ai,3,10,50,59,0.030000,0.050000,heat,35.457849,0.012743,0.593211,0.176625,37,70,53,187,36,74,52,189,11652.478571,543.445032,100.567530,11482.496390,512.737760,101.080060,-169.982181,-30.707272,0.512530
ai,3,10,60,69,0.030000,0.050000,heat,38.331926,0.000000,0.596474,0.114318,46,40,108,93,45,39,109,94,8538.466357,421.062356,72.860101,7904.242337,370.847765,73.633765,-634.224020,-50.214592,0.773664
ai,3,10,70,79,0.030000,0.050000,humid,30.111930,0.037650,0.780930,0.180003,10,67,28,182,10,66,26,178,10485.328125,473.242016,90.104213,11224.711208,427.639297,94.071426,739.383082,-45.602719,3.967212
ai,3,10,80,89,0.030000,0.050000,humid,31.490636,0.136470,0.777993,0.107372,13,77,70,123,13,77,71,124,9050.788276,432.186867,77.319704,8095.984887,426.393699,82.049435,-954.803389,-5.793168,4.729731
ai,3,10,90,99,0.030000,0.050000,clear,28.807983,0.025023,0.503466,0.205844,22,53,46,131,23,52,44,133,8190.695308,388.329901,69.754369,8320.197477,380.990031,70.393448,129.502169,-7.339870,0.639079
ai,3,10,100,109,0.030000,0.050000,rain,24.106960,0.488926,0.864337,0.244185,15,49,54,137,15,49,56,137,8826.242928,416.584330,76.527423,9020.546595,406.634065,69.883063,194.303667,-9.950264,-6.644359
ai,3,10,110,119,0.030000,0.050000,heat,36.000742,0.012751,0.576236,0.125864,17,76,82,163,17,76,83,171,11347.227157,533.695946,96.322691,11527.320564,575.031025,88.550390,180.093407,41.335079,-7.772301
ai,3,10,120,129,0.030000,0.050000,humid,30.692953,0.136582,0.811901,0.124366,23,56,72,150,22,59,70,149,10046.293831,475.974071,86.429495,9919.666168,545.556559,84.828040,-126.627663,69.582488,-1.601455
ai,3,10,130,139,0.030000,0.050000,rain,23.716548,0.531068,0.860933,0.264403,33,41,79,143,32,44,82,144,10311.364298,485.326107,88.364190,10649.328756,488.401609,83.150037,337.964458,3.075502,-5.214153
ai,3,10,140,149,0.030000,0.050000,rain,24.978208,0.505579,0.880872,0.188264,15,84,58,144,15,83,57,136,10096.546182,477.980001,87.524584,10756.744276,462.048358,88.846504,660.198095,-15.931643,1.321920
ai,3,10,150,159,0.030000,0.050000,rain,25.531250,0.585517,0.935143,0.223961,36,63,55,173,37,60,55,173,11706.612719,538.225725,101.003618,11578.960822,520.761207,99.123262,-127.651897,-17.464518,-1.880356
ai,3,10,160,169,0.030000,0.050000,heat,37.366888,0.063542,0.655212,0.098782,42,86,45,195,43,85,45,186,12317.758884,572.727600,106.272816,11746.412061,542.021807,103.752864,-571.346823,-30.705793,-2.519951
ai,3,10,170,179,0.030000,0.050000,humid,30.041831,0.006831,0.719580,0.096627,47,60,64,121,46,63,65,120,8622.523778,418.973039,74.263370,8644.552207,406.736249,72.473546,22.028429,-12.236790,-1.789824
ai,3,10,180,189,0.030000,0.050000,humid,32.672396,0.089074,0.810797,0.141412,27,73,33,161,27,73,33,148,9715.045326,451.830427,83.595709,9665.928862,435.197978,79.434625,-49.116464,-16.632449,-4.161084
ai,3,10,190,199,0.030000,0.050000,clear,26.451144,0.000000,0.463524,0.191243,30,48,38,127,31,48,38,129,8054.471550,375.180167,68.916656,7151.507247,407.965442,67.201865,-902.964303,32.785275,-1.714791
fixed,4,10,0,9,0.030000,0.050000,rain,24.107960,0.511185,0.935035,0.213784,0,32,0,31,0,30,0,31,1965.985726,91.692256,16.826523,1868.033875,95.148255,15.767609,-97.951850,3.455998,-1.058914
fixed,4,10,10,19,0.030000,0.050000,heat,38.190138,0.049631,0.596766,0.115781,19,52,11,55,19,52,11,55,3896.650141,188.628118,33.221215,3606.362953,178.765906,30.842253,-290.287188,-9.862211,-2.378962
fixed,4,10,20,29,0.030000,0.050000,heat,35.134364,0.071225,0.563806,0.079196,53,35,21,66,52,34,21,66,4721.942936,232.670713,40.531057,5265.061462,246.526888,43.380594,543.118525,13.856175,2.849536
fixed,4,10,30,39,0.030000,0.050000,humid,31.715365,0.118456,0.822439,0.158090,18,93,14,90,19,92,14,95,6156.032633,297.669234,53.737496,6050.262055,278.701450,52.166823,-105.770577,-18.967784,-1.570672
fixed,4,10,40,49,0.030000,0.050000,humid,31.404074,0.000000,0.727600,0.136477,21,73,44,144,21,72,43,142,9580.141242,439.491902,80.402635,10263.989265,439.721965,81.704880,683.848023,0.230063,1.302246
fixed,4,10,50,59,0.030000,0.050000,heat,35.866647,0.087962,0.593290,0.141355,45,31,80,125,48,31,75,123,9095.662634,433.072800,76.952200,9738.834471,415.883607,85.645161,643.171837,-17.189193,8.692961
fixed,4,10,60,69,0.030000,0.050000,clear,28.165238,0.126803,0.529797,0.212191,29,80,65,151,30,79,65,151,9920.648254,477.576471,86.559121,10043.777100,480.964516,84.912907,123.128846,3.388045,-1.646214
fixed,4,10,70,79,0.030000,0.050000,rain,22.809979,0.613860,0.925951,0.210290,19,81,52,207,19,81,54,198,13048.184887,595.287351,112.653770,13905.267178,642.892903,115.582222,857.082291,47.605552,2.928452
fixed,4,10,80,89,0.030000,0.050000,rain,21.818051,0.567677,0.945395,0.199630,21,51,101,111,21,49,98,117,9474.624861,453.452060,81.108644,9294.668386,466.285489,83.016441,-179.956475,12.833428,1.907797
fixed,4,10,90,99,0.030000,0.050000,clear,26.230320,0.000000,0.556098,0.164645,28,64,65,137,29,65,63,138,9019.279001,432.871266,78.328678,8679.683219,388.607497,78.697078,-339.595782,-44.263769,0.368400
fixed,4,10,100,109,0.030000,0.050000,rain,26.603550,0.507474,0.941643,0.223539,45,65,41,193,46,64,41,197,12078.795026,548.925725,104.467628,12284.047385,551.032288,110.115945,205.252359,2.106563,5.648317
fixed,4,10,110,119,0.030000,0.050000,heat,35.200578,0.004799,0.581831,0.145522,63,52,62,153,64,54,61,156,10598.569546,493.961137,90.152755,10065.934673,501.512265,99.496078,-532.634873,7.551128,9.343322
fixed,4,10,120,129,0.030000,0.050000,heat,34.709646,0.029948,0.575786,0.132145,75,59,95,95,77,62,95,91,8653.312087,434.249596,74.501614,8788.068436,460.480285,76.501594,134.756349,26.230689,1.999980
fixed,4,10,130,139,0.030000,0.050000,heat,35.265664,0.000000,0.595672,0.095015,18,112,50,153,17,105,49,151,10118.210596,484.525920,88.780515,10462.007407,438.714451,95.177331,343.796810,-45.811469,6.396816
fixed,4,10,140,149,0.030000,0.050000,clear,29.739556,0.000000,0.509195,0.163018,27,43,59,153,27,43,59,147,10043.373462,458.267147,83.623336,10294.614816,468.817556,81.535874,251.241353,10.550410,-2.087462
fixed,4,10,150,159,0.030000,0.050000,rain,22.264083,0.568013,0.928212,0.228298,40,26,118,111,41,26,117,110,10441.966587,492.090188,88.001029,10468.498243,480.369013,88.873896,26.531655,-11.721175,0.872867
fixed,4,10,160,169,0.030000,0.050000,humid,31.563276,0.000000,0.707727,0.140415,33,59,69,184,32,61,68,181,12295.930219,562.900537,103.759284,11238.308971,548.891043,99.803470,-1057.621247,-14.009494,-3.955814
fixed,4,10,170,179,0.030000,0.050000,heat,35.525684,0.092933,0.620222,0.130350,40,70,134,107,40,74,136,106,10690.727632,522.601516,90.004891,9905.880943,531.962628,89.123117,-784.846689,9.361112,-0.881774
fixed,4,10,180,189,0.030000,0.050000,rain,23.747566,0.572995,0.888924,0.218939,66,39,175,71,66,39,165,74,10357.286344,524.192024,87.697474,9977.692214,529.774065,86.307213,-379.594130,5.582041,-1.390261
fixed,4,10,190,199,0.030000,0.050000,clear,27.397224,0.095632,0.534157,0.186180,44,69,116,171,43,69,114,174,12495.326868,606.597687,107.456138,12431.184013,601.937894,101.279717,-64.142856,-4.659793,-6.176421
ai,4,10,0,9,0.030000,0.050000,rain,24.392234,0.475530,0.914818,0.171190,0,32,0,31,0,34,0,30,1960.205765,91.474557,16.758540,2092.723649,101.366176,16.160145,132.517885,9.891620,-0.598395
ai,4,10,10,19,0.030000,0.050000,clear,26.556031,0.000000,0.458119,0.188110,8,63,7,59,8,61,7,59,3880.508281,187.411183,33.056106,3890.367627,199.099379,32.736878,9.859346,11.688197,-0.319228
ai,4,10,20,29,0.030000,0.050000,clear,27.551117,0.056567,0.486260,0.130988,25,66,12,73,25,64,12,73,4798.479591,235.286145,41.479321,4928.592426,241.515357,41.658091,130.112835,6.229212,0.178770
ai,4,10,30,39,0.030000,0.050000,clear,28.682660,0.074986,0.503996,0.184787,21,63,20,87,21,61,20,90,5724.877247,271.937963,49.666757,5667.501999,293.622330,49.026077,-57.375248,21.684367,-0.640680
ai,4,10,40,49,0.030000,0.050000,heat,34.911456,0.080265,0.622307,0.072579,30,59,25,162,30,60,25,167,9713.433970,443.249043,82.177048,10819.752579,429.534730,85.613829,1106.318609,-13.714313,3.436781
ai,4,10,50,59,0.030000,0.050000,clear,28.179583,0.000000,0.430189,0.162624,12,72,21,190,12,71,21,196,10392.718147,477.274263,90.208485,10778.666070,483.259868,92.603966,385.947923,5.985605,2.395482
ai,4,10,60,69,0.030000,0.050000,rain,24.118292,0.540624,0.843789,0.289895,20,56,57,145,20,57,54,147,9516.592669,443.910350,81.959315,9910.979031,402.237419,90.595070,394.386362,-41.672931,8.635755
ai,4,10,70,79,0.030000,0.050000,rain,24.008485,0.587961,0.913713,0.270336,13,66,25,205,13,64,24,202,11542.339468,521.336144,100.622559,11198.751637,524.436936,84.979338,-343.587831,3.100792,-15.643221
ai,4,10,80,89,0.030000,0.050000,clear,28.928781,0.007909,0.456443,0.133179,16,51,54,141,17,51,52,144,8668.422323,407.725332,74.299490,8141.664521,416.092976,73.978685,-526.757802,8.367644,-0.320805
ai,4,10,90,99,0.030000,0.050000,humid,29.661338,0.045464,0.807734,0.158661,28,66,63,118,27,65,64,123,8541.972410,404.378058,72.987125,8542.399147,369.017927,69.410253,0.426737,-35.360130,-3.576872
ai,4,10,100,109,0.030000,0.050000,clear,28.327441,0.000000,0.534123,0.228605,10,82,41,159,10,82,42,159,9737.021152,448.502505,83.908573,11098.514831,414.947400,89.009986,1361.493679,-33.555105,5.101413
ai,4,10,110,119,0.030000,0.050000,humid,30.562120,0.007951,0.709624,0.166532,9,69,106,129,9,71,107,127,10059.607829,480.904325,84.946209,9886.362204,490.836563,83.216208,-173.245625,9.932239,-1.730000
ai,4,10,120,129,0.030000,0.050000,heat,35.885980,0.000000,0.535275,0.116306,28,50,51,196,28,52,49,187,11801.979898,538.451402,101.481604,12081.997725,551.414063,107.336490,280.017827,12.962662,5.854885
ai,4,10,130,139,0.030000,0.050000,heat,36.728363,0.000000,0.547719,0.086625,30,55,82,102,30,56,81,102,7982.723462,394.692310,68.723529,8346.817160,386.848265,65.270707,364.093697,-7.844045,-3.452822
ai,4,10,140,149,0.030000,0.050000,humid,32.955127,0.154441,0.728370,0.165517,13,60,56,173,13,58,54,171,10850.197521,497.660389,92.071487,10552.964886,482.670801,95.267329,-297.232635,-14.989588,3.195842
ai,4,10,150,159,0.030000,0.050000,rain,23.698459,0.534562,0.908025,0.253521,25,32,101,139,24,33,99,139,10863.282074,506.167929,92.486971,10880.628473,495.815909,96.702538,17.346399,-10.352020,4.215567
ai,4,10,160,169,0.030000,0.050000,heat,39.144380,0.000000,0.502876,0.124874,20,62,82,178,21,63,83,184,12341.490861,566.435789,104.169981,13492.177539,587.095950,106.224094,1150.686677,20.660161,2.054112
ai,4,10,170,179,0.030000,0.050000,humid,31.148002,0.148384,0.779697,0.184836,26,71,100,151,26,69,96,154,11249.351876,539.791196,96.319801,10338.239280,529.163817,89.632538,-911.112596,-10.627379,-6.687263
ai,4,10,180,189,0.030000,0.050000,rain,25.959801,0.520512,0.953330,0.308146,35,66,101,155,35,69,100,153,11887.104486,564.647896,101.107128,11020.214720,576.775406,92.199808,-866.889766,12.127510,-8.907320
ai,4,10,190,199,0.030000,0.050000,clear,27.140194,0.000000,0.469679,0.235147,30,61,73,177,28,61,70,173,11551.730563,539.639373,98.172512,11031.550983,549.992950,96.535585,-520.179581,10.353578,-1.636927
fixed,5,10,0,9,0.030000,0.050000,rain,23.475070,0.586556,0.881566,0.177406,0,24,0,39,0,23,0,39,2275.788475,102.119765,19.462761,2211.011355,103.659242,20.604572,-64.777120,1.539477,1.141811
fixed,5,10,10,19,0.030000,0.050000,rain,25.298126,0.480971,0.924500,0.241671,0,52,14,104,0,55,15,103,6158.281535,277.730746,52.813623,5858.740369,269.756378,57.170103,-299.541166,-7.974368,4.356480
fixed,5,10,20,29,0.030000,0.050000,rain,22.882420,0.543087,0.936111,0.255624,3,69,49,124,3,66,49,127,8515.583188,393.531671,73.438254,7986.200122,440.793117,65.780492,-529.383066,47.261446,-7.657762
fixed,5,10,30,39,0.030000,0.050000,rain,24.101852,0.564042,0.846896,0.193993,13,104,38,170,14,97,35,168,11059.231757,513.883244,96.696800,11755.051591,503.519213,86.605617,695.819835,-10.364031,-10.091182
fixed,5,10,40,49,0.030000,0.050000,rain,22.381575,0.547774,0.850362,0.246020,45,127,66,112,44,121,65,111,9853.136761,487.137263,85.432274,9331.576823,433.864271,84.466683,-521.559938,-53.272992,-0.965591
fixed,5,10,50,59,0.030000,0.050000,humid,32.388112,0.007818,0.799011,0.149847,70,89,85,94,73,89,83,97,8745.169251,445.832999,74.885617,8221.164568,459.496150,70.398689,-524.004683,13.663151,-4.486928
fixed,5,10,60,69,0.030000,0.050000,rain,25.378801,0.516756,0.890128,0.238010,52,94,70,178,53,97,67,178,12174.891079,590.150987,107.193650,13478.632501,600.903340,100.160897,1303.741422,10.752353,-7.032753
fixed,5,10,70,79,0.030000,0.050000,rain,22.211501,0.482400,0.893335,0.235813,51,65,61,204,53,64,62,203,13098.851109,609.312852,113.523649,11711.189885,634.132941,119.230129,-1387.661224,24.820089,5.706479
fixed,5,10,80,89,0.030000,0.050000,clear,29.030248,0.015965,0.492883,0.149479,43,74,92,104,41,71,94,103,8491.713383,426.827979,72.830946,8316.664910,437.731571,66.540050,-175.048473,10.903592,-6.290895
fixed,5,10,90,99,0.030000,0.050000,humid,31.856085,0.064529,0.790402,0.125457,46,51,96,136,46,52,96,138,9812.240218,483.338477,84.638476,8844.225563,503.322570,92.847043,-968.014656,19.984093,8.208566
fixed,5,10,100,109,0.030000,0.050000,heat,34.466284,0.000000,0.543155,0.085250,1,93,80,176,1,92,82,171,11116.901422,536.326779,96.501947,11434.012215,516.994930,106.851739,317.110792,-19.331849,10.349792
fixed,5,10,110,119,0.030000,0.050000,heat,34.939732,0.030118,0.588294,0.153549,19,43,92,135,19,44,87,131,9403.445250,452.319606,81.286517,8933.923266,470.928783,84.696586,-469.521984,18.609177,3.410069
fixed,5,10,120,129,0.030000,0.050000,humid,32.224999,0.181612,0.711848,0.131767,46,23,94,142,47,24,98,148,10126.695309,481.491625,85.879398,9549.082861,496.353531,92.534169,-577.612448,14.861906,6.654771
fixed,5,10,130,139,0.030000,0.050000,rain,23.021754,0.493708,0.868847,0.277721,18,76,63,233,19,75,62,232,14137.822170,651.426637,122.705352,13987.049985,663.042906,115.843487,-150.772185,11.616269,-6.861865
fixed,5,10,140,149,0.030000,0.050000,heat,36.652981,0.066911,0.601948,0.102710,51,51,107,176,51,51,101,171,12662.773429,598.535953,107.976705,14195.463866,687.653981,106.531847,1532.690437,89.118028,-1.444858
fixed,5,10,150,159,0.030000,0.050000,heat,34.840718,0.000000,0.660150,0.080908,55,76,113,156,55,73,111,157,11922.309247,582.895628,101.926502,12090.956172,580.095615,101.661923,168.646925,-2.800013,-0.264578
fixed,5,10,160,169,0.030000,0.050000,rain,23.099500,0.420863,0.858733,0.204315,36,81,79,201,36,79,80,203,13432.586778,630.544528,116.757615,13944.718640,602.244805,108.281992,512.131862,-28.299723,-8.475623
fixed,5,10,170,179,0.030000,0.050000,clear,27.585172,0.092719,0.499675,0.125691,66,39,131,129,65,40,136,127,11328.242915,542.472320,94.754814,10951.822480,510.055349,90.727843,-376.420435,-32.416971,-4.026972
fixed,5,10,180,189,0.030000,0.050000,clear,26.586089,0.000000,0.457795,0.179296,72,66,169,63,73,64,167,65,9316.147014,484.782509,78.427973,9561.428723,454.394753,76.385470,245.281708,-30.387756,-2.042503
fixed,5,10,190,199,0.030000,0.050000,clear,28.502314,0.015753,0.457101,0.204478,49,105,96,124,50,109,99,129,9827.987085,500.738614,86.424722,10118.228490,523.437887,81.120329,290.241404,22.699272,-5.304393
ai,5,10,0,9,0.030000,0.050000,rain,21.837835,0.643097,0.849265,0.241235,0,24,0,39,0,23,0,40,2290.272159,102.645066,19.632699,2122.995088,100.194743,19.882865,-167.277072,-2.450323,0.250165
ai,5,10,10,19,0.030000,0.050000,rain,25.383913,0.577514,0.979168,0.204351,0,52,6,112,0,52,6,108,6284.063165,281.350592,54.312791,6120.089940,266.468779,53.130940,-163.973225,-14.881813,-1.181851
ai,5,10,20,29,0.030000,0.050000,heat,36.017917,0.045654,0.537264,0.091051,21,51,39,131,21,52,39,133,8156.480918,377.244223,69.563859,8113.732738,375.176059,71.222756,-42.748180,-2.068164,1.658897
ai,5,10,30,39,0.030000,0.050000,heat,33.419671,0.000000,0.592929,0.112162,28,116,63,141,29,114,65,137,10030.352687,489.269617,87.228301,9814.518459,484.785838,83.736168,-215.834228,-4.483779,-3.492133
ai,5,10,40,49,0.030000,0.050000,humid,30.612372,0.077190,0.788509,0.172189,95,111,74,132,98,113,78,131,11041.814543,541.154626,94.452207,11057.667674,553.392076,94.785120,15.853131,12.237450,0.332913
ai,5,10,50,59,0.030000,0.050000,humid,32.820757,0.153425,0.723826,0.154584,64,158,38,141,67,159,37,139,10270.027301,516.978973,90.803297,9308.276507,554.133372,88.162773,-961.750794,37.154399,-2.640524
ai,5,10,60,69,0.030000,0.050000,heat,35.821114,0.000000,0.602022,0.111120,69,106,70,149,68,107,70,148,10515.606908,528.673739,91.230876,11815.631224,513.081700,92.063036,1300.024316,-15.592039,0.832160
ai,5,10,70,79,0.030000,0.050000,humid,31.566284,0.090215,0.749691,0.138853,48,74,56,184,49,76,56,190,11185.035070,536.085645,97.726423,11152.644273,552.861891,91.289580,-32.390797,16.776246,-6.436843
ai,5,10,80,89,0.030000,0.050000,rain,26.213338,0.553660,0.927771,0.223341,53,67,79,122,54,67,78,126,9444.670478,463.512546,82.494250,9810.260116,458.605005,83.655310,365.589638,-4.907542,1.161060
ai,5,10,90,99,0.030000,0.050000,heat,36.590581,0.051621,0.529552,0.132683,53,59,58,159,53,59,54,156,10236.471450,488.812173,88.447596,9786.699273,506.870586,78.588159,-449.772177,18.058413,-9.859437
ai,5,10,100,109,0.030000,0.050000,clear,28.260613,0.000000,0.487006,0.178061,16,70,46,164,16,70,47,161,9571.220272,452.212705,82.675206,9406.183505,490.958000,77.842513,-165.036767,38.745295,-4.832693
ai,5,10,110,119,0.030000,0.050000,rain,24.163299,0.546326,0.880525,0.260524,12,67,78,106,12,66,80,101,8384.260266,406.734968,73.063322,8288.304751,395.343787,69.429668,-95.955515,-11.391181,-3.633654
ai,5,10,120,129,0.030000,0.050000,humid,29.857233,0.107164,0.779034,0.142799,32,34,50,171,33,33,49,172,10097.417551,466.614339,85.805653,10339.757994,502.527750,83.397761,242.340444,35.913411,-2.407892
ai,5,10,130,139,0.030000,0.050000,clear,28.509970,0.019430,0.471534,0.196729,26,49,92,181,26,51,89,179,11497.519750,548.246609,98.019517,12620.594844,572.355915,101.596153,1123.075093,24.109306,3.576636
ai,5,10,140,149,0.030000,0.050000,clear,28.639459,0.000000,0.440062,0.188473,36,64,79,219,36,67,80,229,13410.547773,625.982397,114.755065,13803.236909,581.980406,119.146075,392.689136,-44.001991,4.391010
ai,5,10,150,159,0.030000,0.050000,rain,22.594933,0.514495,0.909583,0.277729,39,85,90,184,39,82,91,194,12804.068097,616.203528,111.426796,10952.166259,672.100768,106.117037,-1851.901838,55.897239,-5.309759
ai,5,10,160,169,0.030000,0.050000,rain,23.810331,0.558948,0.917036,0.243609,47,60,97,182,49,57,96,183,13040.169322,614.285817,111.965365,12668.990389,659.182190,118.007058,-371.178933,44.896373,6.041693
ai,5,10,170,179,0.030000,0.050000,clear,26.961023,0.000000,0.467037,0.158817,49,66,104,160,50,64,99,160,11537.267763,556.910460,98.985669,10601.209531,555.343699,102.506114,-936.058232,-1.566762,3.520446
ai,5,10,180,189,0.030000,0.050000,clear,26.931579,0.034618,0.485028,0.190620,52,85,74,173,54,89,74,163,11737.681005,561.040235,100.696042,11418.231554,535.669590,94.593877,-319.449452,-25.370645,-6.102165
ai,5,10,190,199,0.030000,0.050000,rain,24.100095,0.513581,0.909039,0.260033,47,93,37,133,45,98,36,135,9495.442064,451.731035,83.331441,9717.522365,410.678295,84.386687,222.080300,-41.052740,1.055246
fixed,6,10,0,9,0.030000,0.050000,heat,36.473673,0.000000,0.591684,0.056756,0,11,0,35,0,10,0,36,1809.618807,78.707076,15.337256,1789.906279,80.221615,16.095218,-19.712528,1.514540,0.757962
fixed,6,10,10,19,0.030000,0.050000,humid,29.368568,0.105022,0.803775,0.128414,6,57,6,98,6,56,6,102,5571.109867,254.522387,47.532728,5694.714233,245.949197,47.382737,123.604366,-8.573190,-0.149991
fixed,6,10,20,29,0.030000,0.050000,rain,24.569969,0.516270,0.944073,0.231978,18,85,36,91,18,87,38,89,6735.067405,326.477957,58.476143,6726.254519,344.769620,52.451855,-8.812886,18.291663,-6.024288
fixed,6,10,30,39,0.030000,0.050000,rain,24.151185,0.553439,0.911853,0.255001,14,85,30,107,14,89,29,106,7085.823820,345.410424,63.395382,6905.869111,368.760499,60.490002,-179.954709,23.350075,-2.905380
fixed,6,10,40,49,0.030000,0.050000,humid,32.884566,0.018192,0.760413,0.170084,20,51,37,111,20,49,38,111,7167.316485,334.781536,61.446070,6922.091668,345.786719,68.711185,-245.224817,11.005183,7.265115
fixed,6,10,50,59,0.030000,0.050000,humid,30.505615,0.041585,0.741441,0.189489,32,13,68,83,32,13,70,86,6366.254504,302.959819,53.299602,5750.706878,306.897039,53.799246,-615.547625,3.937220,0.499644
fixed,6,10,60,69,0.030000,0.050000,clear,27.512989,0.000000,0.482325,0.163689,19,53,50,148,18,53,51,153,9115.315010,425.276844,78.547885,9042.621490,448.216007,77.452874,-72.693520,22.939163,-1.095011
fixed,6,10,70,79,0.030000,0.050000,clear,28.465561,0.000000,0.505152,0.163832,14,95,41,166,14,99,39,165,10663.744467,485.863224,89.959986,10684.410824,440.846155,81.164250,20.666357,-45.017069,-8.795735
fixed,6,10,80,89,0.030000,0.050000,heat,38.486502,0.000000,0.621585,0.125392,28,100,61,99,29,98,67,99,8240.281502,401.941205,70.915735,8553.097789,379.785033,69.559772,312.816286,-22.156172,-1.355963
fixed,6,10,90,99,0.030000,0.050000,humid,31.689710,0.104577,0.680942,0.143427,34,113,76,148,35,108,74,139,10789.109788,528.988293,93.002123,10714.753454,531.227086,96.264822,-74.356333,2.238793,3.262699
fixed,6,10,100,109,0.030000,0.050000,heat,34.809983,0.000000,0.538534,0.062380,30,110,90,128,29,109,88,127,10378.074685,507.570955,89.762791,10063.529934,460.737434,87.316216,-314.544751,-46.833521,-2.446575
fixed,6,10,110,119,0.030000,0.050000,humid,31.398759,0.000000,0.765010,0.106736,44,63,113,73,45,67,117,73,7614.333042,393.723165,64.980736,7833.874055,375.732189,61.522772,219.541012,-17.990976,-3.457964
fixed,6,10,120,129,0.030000,0.050000,heat,36.461541,0.000000,0.554189,0.092857,66,60,153,66,64,61,151,67,8603.895579,455.622301,73.878572,8660.588737,443.624566,76.350008,56.693158,-11.997735,2.471436
fixed,6,10,130,139,0.030000,0.050000,rain,25.022625,0.483586,0.934232,0.311744,53,93,45,223,50,90,45,215,13469.672916,634.875670,118.348305,13226.361046,647.825487,122.761515,-243.311870,12.949817,4.413210
fixed,6,10,140,149,0.030000,0.050000,clear,26.698061,0.000000,0.504715,0.112898,52,105,91,147,53,105,84,139,11004.009372,545.223651,94.191867,10371.618148,523.197052,90.097303,-632.391225,-22.026599,-4.094564
fixed,6,10,150,159,0.030000,0.050000,clear,27.031575,0.000000,0.531411,0.223711,66,74,100,90,68,72,104,92,8226.700809,428.296352,71.033076,8315.723551,440.663489,75.173042,89.022742,12.367137,4.139967
fixed,6,10,160,169,0.030000,0.050000,humid,33.068934,0.058939,0.732645,0.145736,25,98,51,131,25,100,51,138,8894.639472,435.144990,78.226096,9547.625489,421.091208,76.183491,652.986017,-14.053782,-2.042605
fixed,6,10,170,179,0.030000,0.050000,rain,22.802231,0.494051,0.911071,0.222163,41,44,65,146,41,44,67,145,10111.855409,474.673292,86.844141,10038.358110,497.318107,72.796356,-73.497300,22.644814,-14.047786
fixed,6,10,180,189,0.030000,0.050000,humid,31.224711,0.112975,0.784952,0.206658,28,50,106,105,29,48,103,105,8805.216315,433.315315,75.034072,9585.414593,416.587946,76.260324,780.198278,-16.727369,1.226252
fixed,6,10,190,199,0.030000,0.050000,rain,24.349927,0.568062,0.901282,0.250118,14,93,82,162,14,95,82,157,11736.305326,559.030737,102.469926,12139.348043,551.174354,98.483334,403.042717,-7.856383,-3.986592
ai,6,10,0,9,0.030000,0.050000,rain,24.391086,0.586249,0.834368,0.236265,0,11,0,35,0,10,0,35,1854.644847,80.281762,15.866138,2039.090227,80.168371,15.679509,184.445380,-0.113391,-0.186630
ai,6,10,10,19,0.030000,0.050000,humid,30.146063,0.109643,0.788111,0.098510,6,57,6,98,6,54,6,96,5514.713553,254.041099,47.290078,5779.778772,252.542084,48.347235,265.065219,-1.499015,1.057157
ai,6,10,20,29,0.030000,0.050000,clear,28.394867,0.000000,0.488044,0.131403,41,68,50,87,41,69,49,92,6538.423700,325.894571,56.037999,7280.216527,323.608259,58.825287,741.792828,-2.286312,2.787288
ai,6,10,30,39,0.030000,0.050000,heat,34.919449,0.014146,0.535894,0.118977,31,96,47,104,32,92,47,109,7568.750278,377.483838,67.007535,7406.045754,383.722248,73.939411,-162.704524,6.238411,6.931876
ai,6,10,40,49,0.030000,0.050000,clear,28.684353,0.075759,0.531334,0.154592,20,61,44,120,20,61,44,114,8068.080155,372.118173,68.466031,8616.439106,371.602602,74.508185,548.358952,-0.515571,6.042154
ai,6,10,50,59,0.030000,0.050000,heat,38.655522,0.000000,0.551095,0.149310,6,36,24,122,6,37,25,121,7174.278466,320.938859,61.691886,7176.601939,326.158856,62.030616,2.323473,5.219997,0.338731
ai,6,10,60,69,0.030000,0.050000,humid,31.466218,0.132644,0.775000,0.148256,10,38,32,129,10,38,33,130,7720.500871,349.504095,65.516205,7842.940141,348.620242,68.322822,122.439270,-0.883853,2.806618
ai,6,10,70,79,0.030000,0.050000,heat,35.872375,0.050704,0.588770,0.106770,17,76,23,147,17,80,23,152,9140.650823,413.092241,78.159913,8613.350181,358.360261,80.528749,-527.300642,-54.731980,2.368836
ai,6,10,80,89,0.030000,0.050000,rain,23.346484,0.466691,0.909294,0.230732,17,112,23,119,18,113,23,125,8333.643813,393.468354,73.332679,8705.329641,385.803855,72.055430,371.685828,-7.664499,-1.277249
ai,6,10,90,99,0.030000,0.050000,humid,30.641710,0.066953,0.718788,0.095891,40,104,48,137,41,99,47,137,9316.954971,456.858053,79.679659,8748.479311,448.050694,84.043009,-568.475659,-8.807359,4.363350
ai,6,10,100,109,0.030000,0.050000,rain,24.170585,0.501862,0.908490,0.246914,24,103,59,128,24,100,57,131,9088.958933,452.347589,81.484650,9636.374354,446.952135,75.958634,547.415421,-5.395454,-5.526016
ai,6,10,110,119,0.030000,0.050000,clear,28.886430,0.000000,0.525572,0.133893,26,68,57,143,27,67,57,144,9274.082139,440.172952,78.844752,9492.519593,409.155930,79.109466,218.437455,-31.017022,0.264714
ai,6,10,120,129,0.030000,0.050000,humid,30.127653,0.093607,0.776082,0.158272,36,73,66,108,35,75,65,108,8186.923120,403.116272,70.170409,8383.070970,424.311170,69.828152,196.147850,21.194898,-0.342257
ai,6,10,130,139,0.030000,0.050000,humid,29.539409,0.078815,0.793872,0.113505,42,72,66,115,43,75,68,110,8413.681414,417.203227,72.536076,8482.384046,391.070714,76.400869,68.702633,-26.132513,3.864793
ai,6,10,140,149,0.030000,0.050000,humid,29.383270,0.000000,0.688366,0.106023,20,101,42,177,19,101,40,184,10643.216121,507.276959,91.435368,10124.632431,518.981144,90.648764,-518.583689,11.704184,-0.786605
ai,6,10,150,159,0.030000,0.050000,humid,32.472344,0.113350,0.768818,0.088864,19,87,50,118,19,87,51,118,8135.527652,397.407693,71.362085,7908.171700,375.259256,70.686619,-227.355952,-22.148437,-0.675466
ai,6,10,160,169,0.030000,0.050000,heat,35.070817,0.000000,0.526914,0.119980,50,42,47,88,49,41,49,87,6678.591521,321.886624,56.957052,6202.406121,337.148860,51.737294,-476.185400,15.262236,-5.219759
ai,6,10,170,179,0.030000,0.050000,rain,24.227937,0.546249,0.914926,0.216158,5,73,37,130,5,72,38,128,8362.475933,390.508898,72.230978,8907.167774,395.165377,77.472980,544.691842,4.656479,5.242003
ai,6,10,180,189,0.030000,0.050000,clear,28.816269,0.000000,0.506725,0.208129,9,34,85,114,9,35,81,112,8123.128277,386.703211,68.762411,7810.365062,429.268276,69.463775,-312.763215,42.565065,0.701364
ai,6,10,190,199,0.030000,0.050000,clear,26.955652,0.124428,0.494155,0.203668,12,74,78,140,12,72,77,129,9985.897460,473.112492,84.801187,10465.244444,483.664103,78.227638,479.346984,10.551611,-6.573549
fixed,7,10,0,9,0.030000,0.050000,humid,32.198530,0.005876,0.708242,0.129912,0,8,0,38,0,8,0,37,1921.406701,83.465516,16.067740,1808.104865,87.134093,15.599050,-113.301836,3.668578,-0.468690
fixed,7,10,10,19,0.030000,0.050000,heat,34.585544,0.000000,0.584866,0.054140,0,46,21,103,0,46,22,99,6217.922850,280.916950,52.339036,5625.861701,268.504687,49.252636,-592.061149,-12.412264,-3.086400
fixed,7,10,20,29,0.030000,0.050000,clear,28.434614,0.015105,0.463585,0.142949,8,62,65,104,8,63,62,103,7973.769554,370.430627,66.448782,8458.673403,325.732280,69.657867,484.903849,-44.698347,3.209085
fixed,7,10,30,39,0.030000,0.050000,clear,28.628461,0.000000,0.445090,0.190085,10,79,20,143,10,82,20,147,8574.287643,393.705702,73.836256,8921.317497,408.007199,70.106274,347.029854,14.301497,-3.729982
fixed,7,10,40,49,0.030000,0.050000,rain,24.349972,0.502547,0.931370,0.221843,31,73,32,120,31,74,32,119,8001.525647,380.464594,68.754867,7589.755219,381.622026,64.381757,-411.770428,1.157432,-4.373111
fixed,7,10,50,59,0.030000,0.050000,rain,23.918398,0.400103,0.881569,0.229154,49,28,81,79,51,26,84,81,6895.132138,344.177408,59.184629,6843.937997,334.654488,62.686688,-51.194141,-9.522920,3.502059
fixed,7,10,60,69,0.030000,0.050000,heat,37.011926,0.065633,0.526623,0.108565,27,78,64,90,25,81,66,93,7114.824140,357.173044,63.126550,7322.361756,389.804299,67.963431,207.537616,32.631256,4.836881
fixed,7,10,70,79,0.030000,0.050000,humid,30.679809,0.011540,0.810080,0.100806,29,89,20,219,28,87,19,210,11970.627856,551.915232,102.926730,12011.997566,571.515898,100.894791,41.369710,19.600666,-2.031939
fixed,7,10,80,89,0.030000,0.050000,humid,30.550112,0.028931,0.739090,0.172156,33,78,68,149,33,81,70,148,10051.044886,482.164917,85.797642,9677.532334,492.002938,86.218902,-373.512552,9.838021,0.421261
fixed,7,10,90,99,0.030000,0.050000,rain,23.569655,0.585048,0.890086,0.193483,33,100,70,138,34,105,71,133,10321.712654,501.942993,90.944470,9852.551350,516.637374,81.033900,-469.161305,14.694380,-9.910571
fixed,7,10,100,109,0.030000,0.050000,clear,27.918893,0.000000,0.486222,0.192711,18,118,38,167,19,125,38,168,10520.909751,497.112112,91.384139,10213.819536,496.524537,94.926535,-307.090216,-0.587575,3.542397
fixed,7,10,110,119,0.030000,0.050000,heat,36.476444,0.000000,0.519442,0.095715,50,61,44,134,52,59,43,131,9117.560924,428.271437,77.740384,7916.113243,452.627661,83.904676,-1201.447680,24.356223,6.164292
fixed,7,10,120,129,0.030000,0.050000,humid,31.287221,0.000000,0.797568,0.137090,56,56,80,118,55,58,78,120,9084.759825,443.959653,77.423309,8781.402303,468.121755,77.960625,-303.357522,24.162102,0.537316
fixed,7,10,130,139,0.030000,0.050000,clear,26.693124,0.000000,0.459776,0.220161,27,85,39,197,28,84,39,200,11461.158065,532.814119,98.675155,11218.575246,506.525426,92.938274,-242.582819,-26.288693,-5.736882
fixed,7,10,140,149,0.030000,0.050000,humid,30.877810,0.048727,0.800687,0.104413,10,83,78,158,10,85,80,166,11194.479525,521.623863,94.287159,11940.512150,557.561509,87.829854,746.032624,35.937646,-6.457306
fixed,7,10,150,159,0.030000,0.050000,humid,29.186811,0.084708,0.797661,0.103438,30,53,123,109,29,52,124,108,10246.544968,487.168731,85.265396,11312.236865,440.296335,90.621789,1065.691897,-46.872396,5.356393
fixed,7,10,160,169,0.030000,0.050000,rain,22.082792,0.459243,0.865470,0.299702,37,48,52,206,37,46,51,200,12885.642930,585.936341,111.822270,12326.150079,558.416030,115.868572,-559.492851,-27.520311,4.046301
fixed,7,10,170,179,0.030000,0.050000,rain,25.817578,0.568163,0.950426,0.181834,50,27,84,146,50,26,84,137,10693.724148,499.381159,91.478154,10636.197684,478.390249,85.902516,-57.526464,-20.990910,-5.575637
fixed,7,10,180,189,0.030000,0.050000,rain,22.269516,0.535244,0.878002,0.238187,68,53,135,76,67,53,129,75,9364.276286,473.868727,80.087214,9150.021541,468.218919,73.618884,-214.254744,-5.649809,-6.468331
fixed,7,10,190,199,0.030000,0.050000,clear,28.243941,0.092012,0.520141,0.166866,55,102,80,134,54,100,84,136,10234.778387,505.804337,89.817856,10159.131179,533.994584,92.360246,-75.647208,28.190248,2.542390
ai,7,10,0,9,0.030000,0.050000,heat,36.617906,0.016342,0.519086,0.117405,0,8,0,38,0,8,0,38,1936.405781,83.988696,16.242052,2008.933677,82.469443,17.744637,72.527896,-1.519253,1.502586
ai,7,10,10,19,0.030000,0.050000,rain,23.095715,0.504466,0.872307,0.237301,1,45,11,113,1,45,11,116,6537.354404,292.263851,56.152043,6730.414601,286.887756,56.486834,193.060197,-5.376095,0.334791
ai,7,10,20,29,0.030000,0.050000,rain,25.459716,0.562236,0.865067,0.229421,32,44,58,110,32,42,59,106,8211.724313,386.265711,70.012993,7606.837676,381.209582,68.757043,-604.886638,-5.056129,-1.255951
ai,7,10,30,39,0.030000,0.050000,rain,25.927617,0.517802,0.889223,0.234880,27,86,56,119,27,88,54,119,8796.009327,427.382051,77.465785,8847.356351,382.033382,81.645897,51.347024,-45.348669,4.180113
ai,7,10,40,49,0.030000,0.050000,heat,37.504727,0.000452,0.626385,0.069934,38,82,30,187,35,81,30,185,11480.563682,525.108364,98.064103,11210.759431,519.491602,102.496097,-269.804251,-5.616762,4.431993
ai,7,10,50,59,0.030000,0.050000,humid,29.580366,0.017609,0.802211,0.052328,28,65,20,134,27,66,20,132,7810.236124,369.156107,68.107255,7333.536537,401.799033,61.889865,-476.699587,32.642926,-6.217390
ai,7,10,60,69,0.030000,0.050000,humid,31.254973,0.134443,0.805321,0.146624,16,83,49,69,16,86,51,71,5782.134790,290.085206,50.300119,6031.062716,273.766527,52.393409,248.927926,-16.318680,2.093289
ai,7,10,70,79,0.030000,0.050000,clear,30.362096,0.112709,0.463134,0.113425,19,85,4,194,20,87,4,196,10261.336456,470.363483,88.931667,10250.795336,441.451484,92.113819,-10.541120,-28.911999,3.182152
ai,7,10,80,89,0.030000,0.050000,rain,24.098712,0.612733,0.915415,0.243390,20,82,31,174,19,79,33,180,10442.461271,487.879895,91.242809,10348.928873,463.682212,90.738939,-93.532398,-24.197683,-0.503870
ai,7,10,90,99,0.030000,0.050000,heat,35.132301,0.038427,0.709305,0.105493,38,77,47,141,37,79,46,144,9647.858157,453.587645,82.693357,9321.654207,456.675823,82.021407,-326.203951,3.088178,-0.671950
ai,7,10,100,109,0.030000,0.050000,rain,25.634801,0.543358,0.914200,0.178106,41,96,28,119,41,94,28,119,8300.726721,402.108832,73.501989,8353.391859,384.961156,72.974563,52.665138,-17.147676,-0.527426
ai,7,10,110,119,0.030000,0.050000,clear,29.567751,0.000000,0.493641,0.164975,57,74,48,137,56,74,48,138,9433.684221,449.109917,79.970973,10427.838789,515.551612,80.299677,994.154568,66.441695,0.328704
ai,7,10,120,129,0.030000,0.050000,humid,29.839878,0.038993,0.747312,0.153330,9,106,41,172,9,102,39,169,10604.181075,499.713333,91.240438,10784.894910,492.699812,86.794574,180.713835,-7.013521,-4.445863
ai,7,10,130,139,0.030000,0.050000,heat,37.935918,0.013514,0.588829,0.149250,13,56,57,150,13,56,56,137,9410.917499,442.062202,80.929357,8679.858889,430.871708,80.833187,-731.058610,-11.190495,-0.096171
ai,7,10,140,149,0.030000,0.050000,humid,32.875484,0.104427,0.759490,0.124468,0,75,78,169,0,71,74,170,11521.833300,531.529241,97.624816,12445.258755,550.123200,105.189430,923.425455,18.593959,7.564614
ai,7,10,150,159,0.030000,0.050000,clear,28.554564,0.000000,0.441229,0.181786,12,71,69,170,12,71,68,170,11325.548749,520.260767,96.001050,11331.635047,492.111794,90.052641,6.086298,-28.148973,-5.948409
ai,7,10,160,169,0.030000,0.050000,heat,34.489642,0.000000,0.569022,0.097285,45,29,100,134,43,29,98,135,10244.452111,484.091520,85.747165,9910.757284,485.588887,83.907648,-333.694827,1.497367,-1.839516
ai,7,10,170,179,0.030000,0.050000,heat,35.329411,0.000000,0.554152,0.137092,18,60,52,189,18,60,52,183,11339.494043,522.755133,98.527317,11133.551956,565.870028,90.151884,-205.942087,43.114894,-8.375433
ai,7,10,180,189,0.030000,0.050000,clear,28.282427,0.000000,0.399814,0.237490,11,97,60,153,11,98,59,151,10439.339512,487.012688,89.052524,10360.537240,432.954765,75.890279,-78.802272,-54.057923,-13.162245
ai,7,10,190,199,0.030000,0.050000,humid,30.460227,0.062437,0.694434,0.144096,39,72,38,130,37,74,39,128,8548.905726,404.814770,73.640395,8758.650150,419.570695,70.048301,209.744425,14.755925,-3.592093
fixed,8,10,0,9,0.030000,0.050000,clear,28.050918,0.000000,0.493124,0.178435,0,10,0,71,0,10,0,69,3518.379479,150.430763,29.137734,3563.461420,154.602312,29.766500,45.081941,4.171549,0.628766
fixed,8,10,10,19,0.030000,0.050000,heat,37.518997,0.042713,0.490180,0.091587,0,59,25,96,0,59,26,98,6158.517475,283.932112,52.690246,6293.715448,280.946653,56.305202,135.197972,-2.985459,3.614956
fixed,8,10,20,29,0.030000,0.050000,clear,26.566561,0.037629,0.491233,0.147266,15,67,49,74,15,67,49,74,5983.243503,290.553215,50.554017,6204.540083,297.892457,53.960386,221.296580,7.339242,3.406369
fixed,8,10,30,39,0.030000,0.050000,humid,29.355437,0.016797,0.711796,0.137639,23,98,23,171,22,97,23,173,10568.674654,487.926435,90.304620,11238.834727,477.269532,83.426003,670.160073,-10.656903,-6.878617
fixed,8,10,40,49,0.030000,0.050000,heat,36.625913,0.006942,0.540283,0.107937,67,61,78,138,70,60,78,138,10041.513675,491.961972,85.345848,8172.685442,477.215273,89.334044,-1868.828233,-14.746699,3.988196
fixed,8,10,50,59,0.030000,0.050000,rain,24.054633,0.550882,0.897509,0.274715,75,59,122,98,74,55,123,97,9811.357208,500.396190,84.493886,9449.570513,482.413397,80.304018,-361.786695,-17.982793,-4.189868
fixed,8,10,60,69,0.030000,0.050000,heat,35.615487,0.000000,0.589051,0.087224,56,92,87,149,55,95,90,140,10801.528733,538.926752,94.680306,10027.926723,576.829524,96.559075,-773.602010,37.902773,1.878769
fixed,8,10,70,79,0.030000,0.050000,heat,37.217870,0.000000,0.611150,0.126577,58,91,61,168,58,92,61,165,11260.725247,543.503104,97.627171,11177.160445,500.956257,99.356098,-83.564802,-42.546847,1.728927
fixed,8,10,80,89,0.030000,0.050000,humid,32.589073,0.061554,0.713537,0.134272,44,117,80,105,42,122,82,107,9095.794615,458.865158,78.736220,8963.314994,392.581233,79.386016,-132.479621,-66.283925,0.649796
fixed,8,10,90,99,0.030000,0.050000,clear,28.828728,0.018491,0.507848,0.118167,53,104,76,161,52,103,74,163,11354.348620,553.122593,97.251198,11344.125692,583.560643,99.472755,-10.222927,30.438050,2.221557
fixed,8,10,100,109,0.030000,0.050000,rain,24.257706,0.519494,0.864069,0.227581,28,126,91,176,28,125,93,171,12973.828016,629.041552,112.853682,12395.587301,604.587280,107.607798,-578.240715,-24.454272,-5.245883
fixed,8,10,110,119,0.030000,0.050000,clear,27.405884,0.000000,0.573667,0.171957,67,67,131,130,68,65,127,132,11200.591346,555.103701,94.902944,13291.682420,561.074473,92.532844,2091.091074,5.970772,-2.370100
fixed,8,10,120,129,0.030000,0.050000,rain,25.339484,0.596634,0.901862,0.229908,90,59,156,142,93,62,152,148,13606.543716,667.834366,116.151873,14740.621392,705.669855,118.969749,1134.077675,37.835489,2.817876
fixed,8,10,130,139,0.030000,0.050000,heat,33.208842,0.015550,0.591957,0.128889,59,143,83,239,60,134,82,246,16011.314318,763.536937,138.672605,16968.493266,745.479209,140.047875,957.178948,-18.057728,1.375271
fixed,8,10,140,149,0.030000,0.050000,rain,24.484483,0.540556,0.981456,0.236747,93,112,124,170,97,117,124,176,14566.578086,714.744974,125.708222,13647.669760,734.711192,130.131822,-918.908326,19.966218,4.423600
fixed,8,10,150,159,0.030000,0.050000,rain,26.265783,0.571686,0.969142,0.177855,105,63,130,128,102,63,127,131,12378.668202,612.865268,106.258643,13215.179254,585.098576,108.837163,836.511052,-27.766692,2.578519
fixed,8,10,160,169,0.030000,0.050000,humid,30.811255,0.014948,0.719886,0.174100,53,91,52,218,55,90,53,223,13120.069076,621.346633,113.704993,12634.195726,652.775006,110.133620,-485.873350,31.428373,-3.571372
fixed,8,10,170,179,0.030000,0.050000,heat,38.054945,0.000000,0.648469,0.082733,51,64,113,169,52,69,118,183,12642.206173,603.304093,108.257971,13377.745161,604.768215,103.160774,735.538987,1.464122,-5.097197
fixed,8,10,180,189,0.030000,0.050000,humid,30.397165,0.000000,0.770303,0.093510,48,54,137,104,48,57,147,103,9716.951585,487.544349,82.800721,10056.625698,503.762432,87.437551,339.674112,16.218083,4.636829
fixed,8,10,190,199,0.030000,0.050000,clear,27.032666,0.000000,0.485052,0.214196,31,96,79,234,32,93,77,237,14221.484330,674.637596,122.547918,14336.682123,725.041805,120.586404,115.197793,50.404209,-1.961514
ai,8,10,0,9,0.030000,0.050000,humid,29.722808,0.043079,0.800308,0.100322,0,10,0,71,0,10,0,75,3550.747639,151.539465,29.511961,3599.490352,136.413204,28.216236,48.742713,-15.126261,-1.295725
ai,8,10,10,19,0.030000,0.050000,rain,22.730459,0.497921,0.912013,0.235325,0,59,12,109,0,56,12,109,6559.088787,296.651884,57.115862,6438.858132,309.054544,57.758617,-120.230655,12.402660,0.642756
ai,8,10,20,29,0.030000,0.050000,heat,38.268255,0.000000,0.611114,0.047972,22,61,9,102,22,60,9,96,6352.330644,293.029400,53.976729,6728.158795,273.399962,53.031218,375.828152,-19.629438,-0.945511
ai,8,10,30,39,0.030000,0.050000,humid,31.300904,0.119807,0.759327,0.173171,23,107,26,134,24,109,27,127,9009.173428,426.304590,77.363077,8893.523190,395.525435,75.772518,-115.650239,-30.779156,-1.590559
ai,8,10,40,49,0.030000,0.050000,heat,33.896149,0.000000,0.638857,0.117700,56,72,49,171,56,70,48,176,11002.256511,519.387268,93.753724,9375.649215,544.735022,95.865617,-1626.607296,25.347754,2.111893
ai,8,10,50,59,0.030000,0.050000,heat,35.383785,0.018709,0.539018,0.096173,19,106,34,160,19,103,33,161,9769.136477,470.291675,85.449823,9801.360003,495.018920,86.809294,32.223526,24.727245,1.359471
ai,8,10,60,69,0.030000,0.050000,clear,27.924811,0.032417,0.510397,0.165735,18,86,51,137,18,84,50,137,8930.633071,427.105167,76.987560,9030.715719,406.676452,82.970425,100.082648,-20.428715,5.982865
ai,8,10,70,79,0.030000,0.050000,clear,29.037316,0.012472,0.516785,0.181489,16,75,55,113,16,80,61,109,7656.598845,370.861431,66.127432,8506.464485,353.949919,70.061089,849.865640,-16.911512,3.933657
ai,8,10,80,89,0.030000,0.050000,clear,28.616995,0.000000,0.472995,0.130392,26,93,44,122,25,102,44,118,8171.267171,398.281089,70.593549,7952.438828,396.635507,72.780440,-218.828344,-1.645581,2.186891
ai,8,10,90,99,0.030000,0.050000,rain,24.666024,0.455004,0.879478,0.232163,63,70,53,159,63,69,53,155,11009.035631,520.627406,94.573528,11443.939107,523.690339,95.199762,434.903475,3.062933,0.626234
ai,8,10,100,109,0.030000,0.050000,heat,35.308827,0.027001,0.570797,0.090848,55,100,49,170,57,107,49,168,11117.917789,537.091855,96.873219,11098.823818,534.286404,102.281574,-19.093971,-2.805452,5.408355
ai,8,10,110,119,0.030000,0.050000,heat,35.533057,0.020480,0.566863,0.022443,71,88,82,161,71,91,83,155,12055.432372,577.434120,103.379275,10517.976522,536.917573,102.921005,-1537.455850,-40.516548,-0.458270
ai,8,10,120,129,0.030000,0.050000,clear,27.308391,0.021570,0.507234,0.163583,44,112,72,177,45,110,70,173,11958.877923,576.886525,102.145129,11913.599202,600.403200,100.805187,-45.278721,23.516675,-1.339941
ai,8,10,130,139,0.030000,0.050000,rain,22.309734,0.484098,0.957901,0.203752,70,95,82,189,73,99,85,181,13672.688621,652.524635,118.538529,13144.765052,643.220964,119.042304,-527.923569,-9.303670,0.503775
ai,8,10,140,149,0.030000,0.050000,clear,29.846401,0.000000,0.461309,0.122500,77,126,90,191,76,125,89,193,13241.383975,654.928013,114.732740,12128.576723,647.805609,117.393688,-1112.807252,-7.122404,2.660948
ai,8,10,150,159,0.030000,0.050000,rain,25.207167,0.465277,0.912106,0.255116,76,100,108,149,73,106,106,150,12269.177556,609.960427,106.504848,12880.022395,641.678387,104.594597,610.844839,31.717960,-1.910252
ai,8,10,160,169,0.030000,0.050000,humid,30.877472,0.088068,0.784414,0.109714,70,59,103,176,70,60,104,172,12288.683534,598.416617,106.186485,11935.246939,601.926210,94.161838,-353.436595,3.509592,-12.024647
ai,8,10,170,179,0.030000,0.050000,clear,28.279300,0.000000,0.465059,0.177990,34,68,66,239,35,67,63,243,13223.069672,626.395611,113.845206,13363.875478,619.292061,111.794438,140.805807,-7.103550,-2.050767
ai,8,10,180,189,0.030000,0.050000,humid,30.880895,0.137554,0.725680,0.152504,45,64,117,138,44,65,114,139,10971.510998,535.858954,94.177260,10770.293849,521.529448,89.797710,-201.217149,-14.329506,-4.379550
ai,8,10,190,199,0.030000,0.050000,rain,24.383694,0.470424,0.918899,0.285617,42,82,74,223,43,84,73,224,14563.348843,676.912245,125.238546,14741.739186,662.108865,117.298245,178.390343,-14.803379,-7.940301
fixed,9,10,0,9,0.030000,0.050000,clear,29.451360,0.024962,0.484453,0.129976,0,23,0,47,0,22,0,50,2458.690548,112.077302,20.734597,2445.153848,103.311836,17.801499,-13.536700,-8.765466,-2.933099
fixed,9,10,10,19,0.030000,0.050000,humid,31.812511,0.047991,0.750796,0.147521,6,44,8,126,6,44,8,128,6894.581714,308.875974,58.347324,7638.100325,317.391877,53.975300,743.518612,8.515904,-4.372025
fixed,9,10,20,29,0.030000,0.050000,rain,22.866723,0.504568,0.852442,0.261083,18,50,56,108,18,49,57,109,8205.054266,379.631207,69.343270,8850.417104,417.366906,76.862676,645.362838,37.735699,7.519406
fixed,9,10,30,39,0.030000,0.050000,heat,36.724851,0.008100,0.642296,0.130681,14,112,43,173,14,117,45,171,11052.392290,520.538273,95.913538,11368.814575,488.258487,106.217222,316.422284,-32.279786,10.303684
fixed,9,10,40,49,0.030000,0.050000,rain,24.033809,0.552564,0.872865,0.265779,74,77,119,130,75,76,121,121,11068.462162,561.263656,95.901868,11079.760738,576.997955,93.727555,11.298576,15.734298,-2.174313
fixed,9,10,50,59,0.030000,0.050000,heat,36.141328,0.055251,0.564279,0.152730,117,33,146,60,119,33,150,62,8342.647256,445.510563,72.691461,9207.776052,450.427027,71.294001,865.128796,4.916464,-1.397460
fixed,9,10,60,69,0.030000,0.050000,heat,36.466088,0.034693,0.581278,0.115155,83,113,85,146,85,111,83,143,11180.536292,563.553425,98.864205,11025.226639,577.307172,97.739435,-155.309653,13.753747,-1.124770
fixed,9,10,70,79,0.030000,0.050000,rain,23.542502,0.528126,0.909587,0.247815,46,172,81,166,48,174,81,161,13054.446600,643.856610,114.851077,13526.676060,637.943449,124.410665,472.229460,-5.913161,9.559588
fixed,9,10,80,89,0.030000,0.050000,clear,26.480645,0.047313,0.537800,0.165357,77,124,101,129,75,130,98,129,11069.488575,559.272185,95.491717,11334.041176,559.731040,97.216196,264.552601,0.458855,1.724479
fixed,9,10,90,99,0.030000,0.050000,rain,22.443178,0.626239,0.929179,0.248842,73,135,88,163,71,134,89,164,12603.680110,635.409028,111.528534,13187.245486,604.971938,123.632013,583.565376,-30.437090,12.103479
fixed,9,10,100,109,0.030000,0.050000,humid,29.783532,0.029237,0.717799,0.092611,72,123,93,163,74,120,93,163,12096.973843,606.556597,104.616505,11919.243984,659.264011,100.965166,-177.729860,52.707414,-3.651339
fixed,9,10,110,119,0.030000,0.050000,clear,27.487203,0.011506,0.542660,0.134577,60,80,142,115,60,77,145,116,10588.719957,539.066969,89.991418,11116.351818,521.908587,90.767852,527.631861,-17.158382,0.776434
fixed,9,10,120,129,0.030000,0.050000,rain,23.818964,0.577056,0.902815,0.225123,64,42,151,175,66,41,151,181,14018.695060,681.410539,121.015804,14217.519854,692.808015,123.862229,198.824794,11.397475,2.846425
fixed,9,10,130,139,0.030000,0.050000,heat,34.123702,0.036346,0.540472,0.133871,33,87,80,257,34,89,79,254,14856.118519,708.951856,129.001075,17330.286030,678.429219,121.115755,2474.167510,-30.522637,-7.885321
fixed,9,10,140,149,0.030000,0.050000,humid,29.604799,0.072781,0.720766,0.125868,41,70,130,155,41,69,130,159,12268.610983,594.281373,104.474965,11888.107873,616.894577,106.239643,-380.503110,22.613205,1.764678
fixed,9,10,150,159,0.030000,0.050000,rain,24.207352,0.458569,0.955821,0.224782,50,64,114,194,50,66,113,208,14422.827077,678.595804,122.355154,15083.340727,697.122220,119.016266,660.513649,18.526416,-3.338888
fixed,9,10,160,169,0.030000,0.050000,humid,29.748429,0.101007,0.764963,0.100731,25,90,95,235,25,88,91,228,14872.079370,706.008464,127.754739,14514.343776,685.421358,130.449523,-357.735594,-20.587105,2.694783
fixed,9,10,170,179,0.030000,0.050000,humid,31.718776,0.004003,0.733675,0.147134,40,55,167,151,40,55,163,148,13460.278831,647.109040,112.735017,14384.531461,689.418884,109.063230,924.252629,42.309844,-3.671787
fixed,9,10,180,189,0.030000,0.050000,rain,24.037613,0.608424,0.914428,0.210383,51,42,222,104,53,42,219,102,13368.315795,666.061913,112.547725,12721.014298,684.574634,114.281429,-647.301497,18.512721,1.733704
fixed,9,10,190,199,0.030000,0.050000,heat,36.138387,0.000000,0.568285,0.114275,38,71,143,238,38,70,138,243,16467.581967,786.861591,141.353150,14929.676984,755.415230,145.008225,-1537.904983,-31.446361,3.655075
ai,9,10,0,9,0.030000,0.050000,rain,24.512093,0.407938,0.950096,0.211552,0,23,0,47,0,22,0,47,2535.579430,114.887435,21.638393,2612.831936,122.599120,22.062856,77.252505,7.711685,0.424462
ai,9,10,10,19,0.030000,0.050000,clear,26.129681,0.000000,0.437468,0.149321,7,43,1,133,7,43,1,135,6864.141814,307.793721,58.162244,7251.646304,320.322690,59.404655,387.504491,12.528968,1.242410
ai,9,10,20,29,0.030000,0.050000,rain,24.581800,0.477887,0.870719,0.228759,17,54,46,122,18,55,48,127,8330.247036,388.175262,70.724774,9068.757282,407.181527,72.356797,738.510247,19.006266,1.632023
ai,9,10,30,39,0.030000,0.050000,humid,32.820442,0.000000,0.743760,0.195743,21,106,61,164,21,105,59,172,10856.721100,521.810656,93.870804,10077.113627,491.086734,89.724349,-779.607473,-30.723922,-4.146455
ai,9,10,40,49,0.030000,0.050000,heat,36.814796,0.037417,0.599618,0.186763,40,118,79,185,39,114,79,190,12991.782386,619.414445,112.369647,12903.509252,605.395400,107.677918,-88.273133,-14.019045,-4.691729
ai,9,10,50,59,0.030000,0.050000,clear,27.754715,0.008824,0.479721,0.116549,35,106,80,83,35,102,76,83,7449.012403,386.681157,65.288392,7009.688815,411.851604,71.812326,-439.323588,25.170447,6.523933
ai,9,10,60,69,0.030000,0.050000,humid,31.116261,0.201900,0.764979,0.133306,50,80,74,107,52,74,74,98,8617.314150,426.163100,74.240437,9082.072971,457.091226,69.550084,464.758820,30.928126,-4.690353
ai,9,10,70,79,0.030000,0.050000,clear,27.909942,0.052301,0.421963,0.172999,59,103,65,141,59,100,65,144,9710.416439,487.904255,84.880891,9797.275876,544.475992,72.235085,86.859437,56.571737,-12.645806
ai,9,10,80,89,0.030000,0.050000,rain,25.094090,0.488365,0.869461,0.268731,83,116,92,129,84,122,91,130,11193.111499,564.590670,97.765577,10963.977266,587.064193,105.809416,-229.134233,22.473523,8.043839
ai,9,10,90,99,0.030000,0.050000,heat,36.430132,0.000000,0.512572,0.090780,52,158,57,186,50,166,57,191,12299.300280,611.857805,108.195621,12165.686194,591.451591,105.355951,-133.614087,-20.406214,-2.839670
ai,9,10,100,109,0.030000,0.050000,humid,32.549050,0.121703,0.780184,0.125186,69,111,94,139,73,111,92,142,11039.195321,555.867134,96.048755,10831.380850,556.324331,88.446887,-207.814471,0.457197,-7.601868
ai,9,10,110,119,0.030000,0.050000,humid,29.324771,0.106451,0.779505,0.200273,80,71,79,175,77,71,79,173,11526.035698,566.888215,99.498528,11623.779282,470.011529,109.542695,97.743584,-96.876685,10.044167
ai,9,10,120,129,0.030000,0.050000,heat,36.139985,0.000000,0.620272,0.124809,56,88,88,209,54,86,90,214,13317.581668,648.725352,115.716933,12866.418559,697.241168,104.435220,-451.163109,48.515816,-11.281713
ai,9,10,130,139,0.030000,0.050000,heat,34.885513,0.010858,0.521401,0.065499,83,52,148,173,79,51,149,176,13359.971307,660.677766,114.241129,11555.019329,649.163661,111.867433,-1804.951977,-11.514105,-2.373696
ai,9,10,140,149,0.030000,0.050000,humid,31.194702,0.120720,0.800462,0.141162,38,103,77,210,37,95,77,203,13232.815293,638.524409,115.947186,12476.260585,678.695547,112.453403,-756.554708,40.171138,-3.493783
ai,9,10,150,159,0.030000,0.050000,heat,36.678543,0.038597,0.572962,0.093489,80,52,102,216,81,52,107,220,15016.563649,702.266697,126.716480,14459.984568,697.314781,130.232200,-556.579081,-4.951916,3.515719
ai,9,10,160,169,0.030000,0.050000,clear,28.296414,0.008705,0.491913,0.164273,66,74,111,199,66,71,114,206,13741.206694,665.517179,116.819356,14262.959213,653.592877,105.156259,521.752520,-11.924302,-11.663098
ai,9,10,170,179,0.030000,0.050000,rain,23.662562,0.587248,0.920167,0.236784,66,59,163,152,67,61,162,155,14129.838644,689.767365,120.894836,13789.916568,740.146318,115.668895,-339.922076,50.378953,-5.225941
ai,9,10,180,189,0.030000,0.050000,rain,24.684124,0.568066,0.893320,0.225983,55,71,125,212,55,71,120,212,15479.094739,739.787407,133.310726,15236.369965,767.301149,141.868215,-242.724774,27.513741,8.557488
ai,9,10,190,199,0.030000,0.050000,rain,22.150537,0.548979,0.898328,0.234840,47,90,137,213,46,89,137,209,16368.659882,782.016917,140.817849,17525.695457,790.941758,143.379149,1157.035575,8.924841,2.561300
fixed,10,10,0,9,0.030000,0.050000,rain,24.640175,0.514895,0.849728,0.246046,0,33,1,51,0,33,1,51,3028.467031,137.378974,25.657785,2967.379521,133.968262,21.956998,-61.087510,-3.410711,-3.700787
fixed,10,10,10,19,0.030000,0.050000,clear,26.736371,0.095882,0.446370,0.172916,18,76,19,92,19,78,19,91,6193.778195,295.014147,52.316092,5941.023956,283.435229,54.533069,-252.754238,-11.578918,2.216977
fixed,10,10,20,29,0.030000,0.050000,rain,25.825616,0.572857,0.889466,0.216766,43,92,44,65,43,91,42,67,6424.693398,321.475658,55.478316,5181.266695,318.951618,57.131367,-1243.426703,-2.524039,1.653052
fixed,10,10,30,39,0.030000,0.050000,humid,30.582990,0.082106,0.718549,0.106782,22,95,37,159,22,95,36,156,10043.047416,473.551628,85.938150,9920.996984,433.607262,87.850302,-122.050433,-39.944367,1.912151
fixed,10,10,40,49,0.030000,0.050000,heat,37.724054,0.001257,0.568106,0.127685,40,78,120,100,40,79,125,99,9610.402802,482.539088,82.084713,9328.647864,489.503973,89.271726,-281.754938,6.964884,7.187013
fixed,10,10,50,59,0.030000,0.050000,rain,23.040480,0.478957,0.935847,0.189839,73,81,155,74,72,81,154,75,10067.007743,524.515949,86.859941,10151.380008,500.834936,81.382026,84.372265,-23.681013,-5.477915
fixed,10,10,60,69,0.030000,0.050000,humid,29.427558,0.097800,0.749410,0.170084,74,92,112,137,78,88,118,140,11040.609350,560.047116,96.641896,10802.769700,541.950488,106.278505,-237.839650,-18.096628,9.636608
fixed,10,10,70,79,0.030000,0.050000,rain,25.197996,0.640500,0.970894,0.281019,60,123,54,221,63,123,54,223,14292.160585,678.760996,125.452183,13578.900806,639.295601,125.453708,-713.259778,-39.465396,0.001525
fixed,10,10,80,89,0.030000,0.050000,humid,31.455742,0.107687,0.723826,0.174983,69,116,87,167,68,111,85,162,12112.095787,598.807142,104.613553,11114.528209,537.349366,112.688238,-997.567578,-61.457776,8.074685
fixed,10,10,90,99,0.030000,0.050000,clear,28.458996,0.000000,0.494507,0.155552,74,104,113,155,71,102,110,163,11574.718055,592.355335,100.571041,11539.058719,562.002696,104.281527,-35.659336,-30.352639,3.710486
fixed,10,10,100,109,0.030000,0.050000,humid,30.196730,0.125234,0.698227,0.161297,64,119,101,171,63,118,102,172,12588.403466,627.078446,108.928185,12512.791242,650.072365,107.921717,-75.612224,22.993918,-1.006467
fixed,10,10,110,119,0.030000,0.050000,humid,30.178407,0.084032,0.761720,0.174082,117,46,138,129,121,48,131,135,11415.765211,580.358284,97.213399,10715.568945,516.380148,88.352169,-700.196266,-63.978136,-8.861230
fixed,10,10,120,129,0.030000,0.050000,humid,30.951333,0.007537,0.782838,0.175102,134,36,174,117,138,35,173,117,11784.394326,611.995704,100.779024,12522.856910,597.362119,102.235359,738.462584,-14.633585,1.456334
fixed,10,10,130,139,0.030000,0.050000,rain,24.474171,0.500534,0.961112,0.244096,50,178,66,211,49,179,69,208,14412.691238,709.578869,128.182351,14093.674356,776.072016,141.036960,-319.016882,66.493147,12.854610
fixed,10,10,140,149,0.030000,0.050000,rain,23.952430,0.537462,0.929999,0.269365,99,117,98,165,97,119,102,161,13488.282254,666.519311,117.074558,13275.976736,683.659131,129.475748,-212.305518,17.139820,12.401190
fixed,10,10,150,159,0.030000,0.050000,clear,29.287344,0.047368,0.473665,0.183841,91,116,112,150,89,117,114,152,11967.713999,607.254789,102.890209,11778.806741,545.216149,101.825153,-188.907258,-62.038640,-1.065056
fixed,10,10,160,169,0.030000,0.050000,humid,30.816000,0.000000,0.737510,0.113952,99,103,80,241,95,104,77,256,15230.210543,738.861133,131.608508,14003.541044,683.259797,124.579199,-1226.669499,-55.601337,-7.029309
fixed,10,10,170,179,0.030000,0.050000,rain,23.545697,0.481463,0.896138,0.229964,97,118,163,149,93,120,160,139,14720.786960,737.997220,127.538106,14527.841339,692.395140,127.465062,-192.945622,-45.602080,-0.073044
fixed,10,10,180,189,0.030000,0.050000,heat,35.905266,0.000000,0.556925,0.077914,110,85,214,100,111,84,214,98,12964.744138,673.303117,110.798049,13589.063682,652.349421,108.166868,624.319544,-20.953696,-2.631180
fixed,10,10,190,199,0.030000,0.050000,clear,27.284495,0.000000,0.486608,0.184991,82,122,146,181,83,130,153,184,14346.573080,720.097178,125.037989,14880.201923,740.669850,123.693715,533.628844,20.572672,-1.344274
ai,10,10,0,9,0.030000,0.050000,rain,24.334225,0.566918,0.942018,0.278387,0,33,1,51,0,34,1,51,3042.647765,137.901648,25.822345,2872.230179,138.541103,24.915965,-170.417586,0.639456,-0.906380
ai,10,10,10,19,0.030000,0.050000,humid,29.533961,0.057741,0.779586,0.105661,13,81,11,100,13,82,11,99,6337.987754,300.112883,53.978947,6312.295093,279.144723,51.084556,-25.692660,-20.968160,-2.894391
ai,10,10,20,29,0.030000,0.050000,rain,22.041391,0.539320,1.000000,0.229664,50,87,18,91,49,84,18,92,6841.538019,334.954930,59.913426,7117.271677,323.623626,61.007408,275.733659,-11.331304,1.093981
ai,10,10,30,39,0.030000,0.050000,heat,34.615750,0.000000,0.492130,0.142467,51,83,17,163,53,81,16,157,9908.754023,463.593914,85.304062,9303.519933,450.203328,83.763267,-605.234090,-13.390586,-1.540795
ai,10,10,40,49,0.030000,0.050000,heat,34.822347,0.000000,0.582547,0.115170,47,116,45,149,46,110,45,145,10716.454553,506.475648,91.864573,10140.167918,471.422008,87.217195,-576.286634,-35.053639,-4.647379
ai,10,10,50,59,0.030000,0.050000,humid,30.083664,0.131003,0.647851,0.129935,32,130,39,108,32,136,39,101,8116.364547,404.841497,71.249083,8619.526175,390.226713,72.842332,503.161629,-14.614784,1.593249
ai,10,10,60,69,0.030000,0.050000,humid,29.281682,0.175119,0.805619,0.167308,40,89,61,92,40,89,59,84,7348.755466,372.470085,64.134441,8360.939905,360.078757,67.750132,1012.184439,-12.391328,3.615692
ai,10,10,70,79,0.030000,0.050000,heat,35.600024,0.060196,0.572391,0.073543,27,99,27,164,26,98,26,159,9685.921509,460.714629,84.736543,9165.049864,463.850253,91.578168,-520.871645,3.135624,6.841624
ai,10,10,80,89,0.030000,0.050000,rain,24.930698,0.493010,0.880409,0.238524,37,104,36,170,36,107,37,168,10602.464614,508.783551,92.982363,10027.460401,473.323604,95.066792,-575.004213,-35.459947,2.084429
ai,10,10,90,99,0.030000,0.050000,rain,22.692969,0.555032,0.894913,0.224406,78,68,74,145,76,68,73,145,10715.362660,527.541592,93.411649,11765.511454,543.926335,90.987354,1050.148794,16.384743,-2.424294
ai,10,10,100,109,0.030000,0.050000,clear,29.244681,0.000000,0.486418,0.179673,48,113,56,145,47,113,54,142,9724.745041,486.221339,84.981870,9918.581348,490.005318,80.533558,193.836306,3.783979,-4.448312
ai,10,10,110,119,0.030000,0.050000,rain,25.193968,0.547050,0.961383,0.231980,55,104,65,180,54,109,62,181,12588.190940,601.069887,109.001828,13987.450582,657.928137,119.377087,1399.259642,56.858249,10.375259
ai,10,10,120,129,0.030000,0.050000,rain,23.335926,0.501746,0.884318,0.198415,63,64,58,169,60,65,56,168,11179.599407,535.514846,98.002631,11893.414083,556.518272,90.715846,713.814676,21.003426,-7.286785
ai,10,10,130,139,0.030000,0.050000,rain,25.082288,0.641874,0.950258,0.243332,79,79,68,120,77,76,67,114,9693.763344,479.569521,84.853970,9780.135816,495.327484,82.676077,86.372472,15.757963,-2.177892
ai,10,10,140,149,0.030000,0.050000,clear,25.814370,0.000000,0.487370,0.173916,59,129,38,163,59,126,38,162,10597.473762,518.653964,92.362934,9868.249167,530.428874,91.634476,-729.224595,11.774910,-0.728458
ai,10,10,150,159,0.030000,0.050000,heat,34.770092,0.000000,0.555807,0.103042,65,120,74,155,66,125,75,149,11375.173349,560.179118,98.528182,11770.117778,517.340032,96.166241,394.944429,-42.839087,-2.361941
ai,10,10,160,169,0.030000,0.050000,heat,34.570943,0.000000,0.578193,0.089138,61,110,89,189,61,109,89,185,13309.485685,641.959208,114.227316,14288.193791,665.645799,121.683135,978.708106,23.686592,7.455818
ai,10,10,170,179,0.030000,0.050000,clear,26.092644,0.037011,0.510085,0.172135,57,102,121,161,57,102,126,165,12670.029710,623.042275,109.285616,12430.334378,626.031311,100.938413,-239.695333,2.989036,-8.347204
ai,10,10,180,189,0.030000,0.050000,rain,24.145856,0.462124,0.980439,0.162002,53,118,72,223,52,117,75,213,14599.146473,696.897273,127.628688,15350.213163,702.291069,125.670623,751.066690,5.393796,-1.958065
ai,10,10,190,199,0.030000,0.050000,heat,36.405004,0.000000,0.514913,0.129020,36,134,66,182,37,135,67,181,12258.188881,594.564850,106.617912,12015.615263,528.112710,97.820198,-242.573618,-66.452140,-8.797714
fixed,11,10,0,9,0.030000,0.050000,humid,30.325810,0.000000,0.798688,0.174395,0,17,0,64,0,17,0,61,3376.737263,144.766885,28.134698,3464.987959,165.773795,29.742156,88.250696,21.006910,1.607458
fixed,11,10,10,19,0.030000,0.050000,clear,25.937432,0.000000,0.531050,0.172906,7,48,43,99,7,49,45,101,6577.412102,306.631588,55.516300,6516.628153,314.180039,57.693724,-60.783948,7.548451,2.177424
fixed,11,10,20,29,0.030000,0.050000,rain,23.836814,0.532183,0.916040,0.210763,15,52,97,118,15,52,101,116,9591.340639,455.243625,81.170178,8361.285690,448.253195,89.807342,-1230.054949,-6.990430,8.637164
fixed,11,10,30,39,0.030000,0.050000,humid,32.042146,0.033512,0.765892,0.120196,7,47,66,188,7,47,65,184,11214.255897,518.085981,96.523045,11531.598794,535.509182,98.291452,317.342897,17.423200,1.768407
fixed,11,10,40,49,0.030000,0.050000,humid,28.539417,0.073647,0.808295,0.117313,9,44,91,201,9,45,92,194,12495.669644,577.625972,105.986069,12503.470889,472.871907,105.810668,7.801245,-104.754066,-0.175401
fixed,11,10,50,59,0.030000,0.050000,rain,25.312159,0.506141,0.932844,0.231492,20,36,165,149,19,35,168,143,12421.980202,604.730759,105.938310,13148.059665,637.784001,108.612482,726.079463,33.053242,2.674172
fixed,11,10,60,69,0.030000,0.050000,rain,23.559092,0.488510,1.000000,0.252277,13,52,133,174,13,52,130,167,12514.824449,608.223809,109.508324,12313.185748,606.059496,117.546069,-201.638701,-2.164313,8.037745
fixed,11,10,70,79,0.030000,0.050000,humid,31.562864,0.093037,0.758834,0.128087,6,70,117,226,6,74,115,230,15202.941296,699.448286,129.076506,14568.713279,688.910479,140.571660,-634.228017,-10.537807,11.495154
fixed,11,10,80,89,0.030000,0.050000,heat,35.973551,0.095008,0.652708,0.053690,23,48,104,198,22,48,106,204,13016.483593,611.123003,111.354677,12511.852062,659.373947,106.987739,-504.631531,48.250944,-4.366938
fixed,11,10,90,99,0.030000,0.050000,heat,35.710096,0.012960,0.614201,0.078262,31,36,125,152,30,36,125,147,10896.584579,532.958479,93.528500,9897.593392,537.787585,103.159429,-998.991188,4.829106,9.630928
fixed,11,10,100,109,0.030000,0.050000,rain,23.427202,0.595686,0.874267,0.237999,30,43,116,140,29,44,119,133,10977.064333,529.578255,95.004455,10314.702961,515.239940,97.392347,-662.361373,-14.338315,2.387892
fixed,11,10,110,119,0.030000,0.050000,rain,23.030668,0.496307,0.936355,0.212815,34,34,126,82,33,36,122,81,8694.015172,428.324999,74.514854,8579.973363,457.248544,76.560422,-114.041809,28.923545,2.045569
fixed,11,10,120,129,0.030000,0.050000,rain,25.855962,0.507137,0.964584,0.249165,36,63,135,76,37,64,137,75,8848.576299,446.159682,76.576856,8805.327015,445.628838,80.770824,-43.249284,-0.530844,4.193968
fixed,11,10,130,139,0.030000,0.050000,humid,30.841561,0.063667,0.741900,0.157657,21,93,76,213,21,95,77,221,12866.234401,610.775593,111.348010,12062.651194,608.877900,120.811991,-803.583206,-1.897694,9.463981
fixed,11,10,140,149,0.030000,0.050000,heat,35.094563,0.000000,0.503783,0.076551,34,48,189,118,34,48,188,113,11601.814531,578.213450,98.317706,11896.097983,574.206471,98.441608,294.283452,-4.006979,0.123903
fixed,11,10,150,159,0.030000,0.050000,clear,30.402041,0.000000,0.412623,0.234895,58,36,209,136,55,36,212,136,12702.033971,641.422336,107.056144,12030.283143,624.053754,101.488807,-671.750828,-17.368582,-5.567337
fixed,11,10,160,169,0.030000,0.050000,rain,23.378826,0.569151,0.946134,0.206290,33,103,123,230,32,104,122,227,15845.576210,768.952526,138.736934,15773.381407,682.640411,139.759200,-72.194803,-86.312115,1.022266
fixed,11,10,170,179,0.030000,0.050000,rain,25.069444,0.569034,0.922848,0.187691,68,62,180,167,71,62,188,162,15329.582952,747.943440,130.930478,17878.512434,698.776511,127.295876,2548.929483,-49.166929,-3.634602
fixed,11,10,180,189,0.030000,0.050000,rain,22.854504,0.584995,0.908730,0.226469,87,79,247,91,86,80,235,93,14347.719208,739.484322,121.805199,14497.869987,802.293758,120.029841,150.150779,62.809436,-1.775359
fixed,11,10,190,199,0.030000,0.050000,clear,30.102417,0.000000,0.420113,0.193654,84,93,144,184,81,90,152,187,14510.475149,721.089104,125.031972,14941.404046,661.055463,123.692369,430.928897,-60.033641,-1.339602
ai,11,10,0,9,0.030000,0.050000,heat,34.905937,0.012905,0.570594,0.092407,0,17,0,64,0,17,0,63,3401.859583,145.631197,28.425936,3667.202930,147.005045,29.672703,265.343347,1.373848,1.246767
ai,11,10,10,19,0.030000,0.050000,humid,29.774200,0.135776,0.807921,0.130350,5,50,26,116,5,51,25,112,6807.978946,315.384902,58.434141,7582.233093,303.219950,56.308305,774.254147,-12.164952,-2.125835
ai,11,10,20,29,0.030000,0.050000,heat,34.305534,0.025477,0.618062,0.063031,29,44,64,154,29,46,66,159,10064.869657,466.978970,85.284889,10256.548464,431.290758,87.719487,191.678808,-35.688212,2.434598
ai,11,10,30,39,0.030000,0.050000,heat,33.326124,0.000000,0.572695,0.115374,26,51,54,170,26,51,53,164,10171.392224,478.366540,88.390451,10062.378158,438.365138,85.776733,-109.014066,-40.001401,-2.613718
ai,11,10,40,49,0.030000,0.050000,heat,35.519556,0.000631,0.603964,0.149496,18,53,69,222,18,54,71,229,13684.957213,616.261031,115.636447,14378.529814,592.281820,119.832939,693.572601,-23.979211,4.196492
ai,11,10,50,59,0.030000,0.050000,heat,35.944063,0.040956,0.603162,0.092562,13,45,80,188,13,44,80,179,11752.617116,547.081305,100.483428,12691.324666,506.784054,95.004346,938.707550,-40.297252,-5.479083
ai,11,10,60,69,0.030000,0.050000,clear,26.355353,0.047157,0.497614,0.212512,16,41,111,121,15,40,116,128,9305.222314,451.046028,79.575929,9339.848492,460.337917,95.272440,34.626179,9.291889,15.696511
ai,11,10,70,79,0.030000,0.050000,heat,35.819804,0.000000,0.557901,0.074946,5,72,62,210,5,73,61,209,12821.096213,583.489801,109.460623,13309.566509,585.841005,113.300349,488.470296,2.351204,3.839726
ai,11,10,80,89,0.030000,0.050000,clear,29.372050,0.029814,0.517636,0.163264,26,45,63,196,26,45,65,189,11535.572391,535.564549,98.551955,11362.861879,570.130691,102.247902,-172.710511,34.566142,3.695947
ai,11,10,90,99,0.030000,0.050000,humid,31.747468,0.057949,0.772705,0.133024,30,39,101,132,32,40,106,135,9984.799271,475.750834,84.427709,10072.239218,481.843513,78.975740,87.439947,6.092679,-5.451969
ai,11,10,100,109,0.030000,0.050000,heat,36.206204,0.053047,0.571373,0.087889,17,40,50,140,17,39,47,140,8647.822050,403.697627,74.909374,8406.915196,424.603574,80.019613,-240.906854,20.905948,5.110239
ai,11,10,110,119,0.030000,0.050000,heat,34.971090,0.000000,0.550003,0.073440,12,43,60,102,12,44,59,104,7295.654844,343.098265,61.873918,6459.864228,346.442112,64.863738,-835.790617,3.343846,2.989820
ai,11,10,120,129,0.030000,0.050000,rain,23.001716,0.519566,0.948697,0.254865,21,64,48,113,20,62,47,110,7977.431736,377.426853,69.897269,7741.146378,348.689247,73.418096,-236.285358,-28.737606,3.520827
ai,11,10,130,139,0.030000,0.050000,clear,26.074051,0.000000,0.514655,0.225296,56,47,87,124,59,46,86,123,9169.682738,445.688879,78.154739,9306.101875,467.220684,81.577925,136.419137,21.531805,3.423186
ai,11,10,140,149,0.030000,0.050000,clear,28.487686,0.000000,0.443969,0.190304,7,94,94,168,7,97,94,168,11317.883232,541.553347,97.740468,11408.997386,550.804957,111.581582,91.114155,9.251610,13.841114
ai,11,10,150,159,0.030000,0.050000,rain,24.238389,0.564093,0.938179,0.187496,19,59,97,180,19,60,102,182,12376.387328,587.285297,107.282897,13712.516609,535.364858,107.257594,1336.129281,-51.920439,-0.025303
ai,11,10,160,169,0.030000,0.050000,rain,24.160261,0.569660,0.886567,0.201587,27,73,113,147,27,69,113,146,11971.426568,573.677043,102.754607,12105.991858,554.327389,108.382143,134.565290,-19.349654,5.627537
ai,11,10,170,179,0.030000,0.050000,clear,27.705121,0.000000,0.455060,0.181336,42,64,94,177,42,63,93,173,12069.684350,577.542049,102.622279,12891.181045,612.672054,107.389774,821.496696,35.130005,4.767495
ai,11,10,180,189,0.030000,0.050000,rain,26.482177,0.539426,0.961156,0.218225,57,96,88,198,58,97,92,196,14485.487821,684.599379,123.973417,14190.942215,684.163208,133.175917,-294.545606,-0.436171,9.202500
ai,11,10,190,199,0.030000,0.050000,humid,30.039157,0.085518,0.759707,0.211907,69,92,82,121,67,90,80,123,10244.234440,504.624813,88.024617,10279.778763,488.220527,87.855097,35.544323,-16.404286,-0.169519
